op,mode,size,cores,raw_start,raw_end,wall,wall_p95,wall_sd,wall_mean,wall_cv,host,host_p95,host_sd,host_mean,host_cv,host_min,host_max,read,sfpu,write,phase,sync,active,signed,source,timer,binary_sha,bytes,elements,traffic,device_gbs,host_gbs,read_gbs,write_gbs,sfpu_geps,device_geps,calc_row,speedup,efficiency,previous_gain,pipeline_gain,pipeline_saved
ADD,diagnostic,1,1,2,16,0.2130725925925926,0.21325355555555556,0.00011869777009055441,0.21308671604938273,0.000557039745560893,0.231257,0.25998750000000004,0.012342460092048495,0.23454453333333333,0.05262309855036128,0.2241,0.266844,0.05560962962962963,0.04337111111111111,0.036366666666666665,0.11118962962962962,0.009919999999999991,0.13535259259259258,-0.07773481481481481,raw/sweep/ADD_1MiB_1core_diagnostic.json,v1-latched64,740e60f3966a30d58dd8e532f11666614786d21e218e6a6a07c1623565eaf1ac,1048576,524288.0,3145728,14.763644454333074,13.60273634960239,37.712029624498825,28.833437213565535,12.088415227750167,2.4606074090555126,2,1.0,1.0,,,
ADD,pipeline,1,1,17,31,0.10096370370370371,0.10101014814814815,2.7600445126252288e-05,0.10096375308641975,0.00027336984098271124,0.112758,0.1293992,0.006544235923969382,0.1151204,0.05684688312383715,0.110666,0.133595,0.055242962962962966,0.04146592592592593,0.03671111111111111,,,0.13344296296296296,0.03247925925925925,raw/sweep/ADD_1MiB_1core_pipeline.json,v1-latched64,740e60f3966a30d58dd8e532f11666614786d21e218e6a6a07c1623565eaf1ac,1048576,524288.0,3145728,31.157018657236556,27.898047145213646,37.962337418541665,28.562905569007263,12.643827149466764,5.192836442872759,3,1.0,1.0,,2.1103880382388978,0.5261534931583046
ADD,diagnostic,1,2,32,46,0.1090274074074074,0.10918511111111111,0.0001243000548081879,0.10902933333333334,0.001140060669986559,0.123672,0.1274721,0.002169606806598396,0.12363353333333334,0.017548692074898738,0.120093,0.127757,0.02775851851851852,0.021691111111111112,0.02069037037037037,0.05560814814814815,0.005001481481481471,0.0701162962962963,-0.03891259259259258,raw/sweep/ADD_1MiB_2core_diagnostic.json,v1-latched64,740e60f3966a30d58dd8e532f11666614786d21e218e6a6a07c1623565eaf1ac,1048576,524288.0,3145728,28.85263508326143,25.436056666019795,75.54985323157389,50.679421452097955,24.170638254277225,4.808772513876905,4,1.9543030294795056,0.9771515147397528,1.9543030294795056,,
ADD,pipeline,1,2,47,61,0.05146074074074074,0.05151207407407407,2.8035418935225616e-05,0.0514642962962963,0.0005447547319760637,0.06329,0.08904089999999999,0.011605361075608035,0.06918186666666666,0.16775148799504355,0.061693,0.100411,0.027796296296296295,0.020743703703703705,0.018446666666666667,,,0.06704592592592593,0.015571111111111112,raw/sweep/ADD_1MiB_2core_pipeline.json,v1-latched64,740e60f3966a30d58dd8e532f11666614786d21e218e6a6a07c1623565eaf1ac,1048576,524288.0,3145728,61.12869645324735,49.7033970611471,75.44717388407729,56.84365739067582,25.27456077703185,10.188116075541226,5,1.9619558959005068,0.9809779479502534,1.9619558959005068,2.1186521188392446,0.5280017936366663
ADD,diagnostic,1,4,62,76,0.05585259259259259,0.055943925925925925,0.00023759934406135537,0.055716197530864195,0.004264457277970851,0.068588,0.0765854,0.004011953393120543,0.0694898,0.05773442135566,0.065117,0.078684,0.013922222222222223,0.010847407407407408,0.011491851851851852,0.027813333333333332,0.002561481481481479,0.03631703703703704,-0.019520000000000003,raw/sweep/ADD_1MiB_4core_diagnostic.json,v1-latched64,740e60f3966a30d58dd8e532f11666614786d21e218e6a6a07c1623565eaf1ac,1048576,524288.0,3145728,56.32196920465246,45.86411617192512,150.633423782921,91.24517210261699,48.3330237639989,9.386994867442077,6,3.8149096165833343,0.9537274041458336,1.9520563387753478,,
ADD,pipeline,1,4,77,91,0.02671037037037037,0.026739925925925924,2.3051204408693246e-05,0.026708592592592593,0.0008630632381238354,0.04387,0.07374899999999998,0.012245647826686756,0.04823753333333333,0.25386140170282523,0.037093,0.07909,0.014855555555555556,0.010396296296296296,0.00917037037037037,,,0.03443185185185185,0.007721481481481482,raw/sweep/ADD_1MiB_4core_pipeline.json,v1-latched64,740e60f3966a30d58dd8e532f11666614786d21e218e6a6a07c1623565eaf1ac,1048576,524288.0,3145728,117.77178512992595,71.70567586049692,141.16954375467463,114.34390953150242,50.43026718916994,19.62863085498766,7,3.7799439806983,0.944985995174575,1.9266202612385257,2.0910452314262735,0.5217702682988289
ADD,diagnostic,1,8,92,106,0.03006296296296296,0.030191259259259258,0.00021464376818484395,0.029953432098765432,0.007165915661253749,0.04755,0.0597324,0.006028129011638054,0.049411333333333335,0.12199891411494099,0.043132,0.061691,0.00717037037037037,0.005427407407407408,0.007421481481481481,0.013916296296296296,0.0013874074074074075,0.020174074074074073,-0.009868148148148147,raw/sweep/ADD_1MiB_8core_diagnostic.json,v1-latched64,740e60f3966a30d58dd8e532f11666614786d21e218e6a6a07c1623565eaf1ac,1048576,524288.0,3145728,104.63798940495258,66.15621451104101,292.47471074380167,141.28931031041023,96.60008188890404,17.43966490082543,8,7.087544659356905,0.8859430824196132,1.8578538869040286,,
ADD,pipeline,1,8,107,121,0.014631851851851852,0.014676370370370371,2.9205697408569326e-05,0.014632148148148148,0.001995995195843176,0.054303,0.13804089999999994,0.040003997048271255,0.06741213333333333,0.593424285365116,0.029107,0.182703,0.00996074074074074,0.005226666666666667,0.005955555555555556,,,0.02115777777777778,0.006519259259259261,raw/sweep/ADD_1MiB_8core_pipeline.json,v1-latched64,740e60f3966a30d58dd8e532f11666614786d21e218e6a6a07c1623565eaf1ac,1048576,524288.0,3145728,214.99178858907507,57.92917518369151,210.541771398825,176.06686567164178,100.31020408163265,35.83196476484585,9,6.900268313673872,0.862533539209234,1.825494861540019,2.054624613982686,0.5132930885795244
ADD,diagnostic,1,16,122,136,0.017576296296296295,0.017811407407407408,0.00012175844884085928,0.017609827160493828,0.006914233043355142,0.120984,0.2744515999999999,0.08896737293460852,0.1302102,0.6832596289277532,0.030005,0.342892,0.004316296296296296,0.002717037037037037,0.005494814814814815,0.006968148148148148,0.0007814814814814811,0.012545925925925926,-0.00502962962962963,raw/sweep/ADD_1MiB_16core_diagnostic.json,v1-latched64,740e60f3966a30d58dd8e532f11666614786d21e218e6a6a07c1623565eaf1ac,1048576,524288.0,3145728,178.97559002022928,26.001190240031743,485.86840569761455,190.83008897276892,192.96314067611777,29.82926500337155,10,12.122724207687122,0.7576702629804452,1.7104265003371544,,
ADD,pipeline,1,16,137,151,0.010350370370370371,0.010578074074074075,0.00012304576375394186,0.010396197530864197,0.01183565081258258,0.084227,0.1214252,0.03683549740167182,0.0732234,0.5030563645183347,0.023246,0.12217,0.0073407407407407406,0.0027325925925925925,0.003491111111111111,,,0.013591851851851851,0.003247407407407407,raw/sweep/ADD_1MiB_16core_pipeline.json,v1-latched64,740e60f3966a30d58dd8e532f11666614786d21e218e6a6a07c1623565eaf1ac,1048576,524288.0,3145728,303.92419666499677,37.34821375568405,285.68670030272455,300.35595162317,191.86467877473572,50.65403277749946,11,9.754598153581908,0.6096623845988692,1.4136549058899306,1.6981321119301507,0.41111766689143614
ADD,diagnostic,2,1,152,166,0.4262296296296296,0.42648977777777775,0.00015619662979040282,0.4262404938271605,0.00036645187881595355,0.446189,0.4620548,0.009708448770210898,0.44892966666666667,0.021625767889871906,0.438361,0.480896,0.11142148148148148,0.08673555555555555,0.07268370370370371,0.22235925925925926,0.019760740740740773,0.2708422222222222,-0.15537851851851853,raw/sweep/ADD_2MiB_1core_diagnostic.json,v1-latched64,740e60f3966a30d58dd8e532f11666614786d21e218e6a6a07c1623565eaf1ac,2097152,1048576.0,6291456,14.760719486974505,14.100428293839606,37.64358491945831,28.85312515923891,12.08934436729779,2.460119914495751,12,1.0,1.0,,,
ADD,pipeline,2,1,167,181,0.20005925925925927,0.20008955555555555,2.91353839685377e-05,0.20005486419753085,0.0001456369685656326,0.21108,0.2187152,0.0038993217993951346,0.21229606666666667,0.018367376563399044,0.208709,0.223506,0.11038592592592593,0.08287777777777777,0.07337925925925926,,,0.26664666666666664,0.06652444444444441,raw/sweep/ADD_2MiB_1core_pipeline.json,v1-latched64,740e60f3966a30d58dd8e532f11666614786d21e218e6a6a07c1623565eaf1ac,2097152,1048576.0,6291456,31.447962085308056,29.806026151222287,37.99672797793599,28.579628919262685,12.652076685882827,5.241327014218009,13,1.0,1.0,,2.130516883886256,0.5306303331537512
ADD,diagnostic,2,2,182,196,0.21853037037037037,0.21868903703703704,8.06435996384686e-05,0.21855185185185186,0.0003689906946802441,0.23022,0.2432464,0.005399325882084945,0.23299186666666666,0.02317388138620981,0.227709,0.244029,0.05533703703703704,0.04337407407407407,0.0420437037037037,0.11118888888888889,0.009943703703703684,0.14078074074074076,-0.07774962962962964,raw/sweep/ADD_2MiB_2core_diagnostic.json,v1-latched64,740e60f3966a30d58dd8e532f11666614786d21e218e6a6a07c1623565eaf1ac,2097152,1048576.0,6291456,28.789847330314284,27.328016679697683,75.79560136537046,49.880286826758756,24.17517889164034,4.798307888385715,14,1.9504365864902242,0.9752182932451121,1.9504365864902242,,
ADD,pipeline,2,2,197,211,0.10098592592592592,0.10102703703703704,2.230531203400623e-05,0.100992,0.00022086216763710225,0.116254,0.133932,0.0077288427871558775,0.1184984,0.06522318265188287,0.11054,0.135941,0.0553,0.04144814814814815,0.0367,,,0.1334548148148148,0.03246518518518518,raw/sweep/ADD_2MiB_2core_pipeline.json,v1-latched64,740e60f3966a30d58dd8e532f11666614786d21e218e6a6a07c1623565eaf1ac,2097152,1048576.0,6291456,62.30032494443671,54.118189481652244,75.84636528028932,57.14310626702997,25.298500580823877,10.38338749073945,15,1.9810608005515988,0.9905304002757994,1.9810608005515988,2.163968576479304,0.5378860807549422
ADD,diagnostic,2,4,212,226,0.11010666666666667,0.11079170370370371,0.0003835276505674086,0.11015748148148148,0.003481630529396982,0.1254,0.1455927,0.009146220885985538,0.13012626666666666,0.07028727650670738,0.120967,0.149085,0.02784962962962963,0.021689629629629628,0.02153703703703704,0.05560148148148148,0.005022962962962972,0.07118074074074074,-0.03894,raw/sweep/ADD_2MiB_4core_diagnostic.json,v1-latched64,740e60f3966a30d58dd8e532f11666614786d21e218e6a6a07c1623565eaf1ac,2097152,1048576.0,6291456,57.139646403487525,50.171100478468894,150.6053780886773,97.37421152192604,48.3445783955466,9.523274400581254,16,3.8710610586367427,0.9677652646591857,1.9847151583649525,,
ADD,pipeline,2,4,227,241,0.05151037037037037,0.05162392592592593,6.930409097073097e-05,0.05152888888888889,0.0013449560521316603,0.069162,0.11363219999999993,0.02377401877139953,0.0783834,0.3033042553831491,0.062245,0.155257,0.029792592592592593,0.02076074074074074,0.01858148148148148,,,0.06913333333333334,0.017640000000000003,raw/sweep/ADD_2MiB_4core_pipeline.json,v1-latched64,740e60f3966a30d58dd8e532f11666614786d21e218e6a6a07c1623565eaf1ac,2097152,1048576.0,6291456,122.13959936150937,90.96694716751973,140.7834510193933,112.86247558301775,50.50763906233276,20.356599893584892,17,3.883863731143675,0.9709659327859187,1.9604969873020894,2.1375630940910857,0.5321775517343452
ADD,diagnostic,2,8,242,256,0.058061481481481485,0.05838718518518519,0.00026293948276819555,0.05800004938271605,0.004533435498186855,0.072951,0.1293045999999999,0.030046178832083187,0.08339513333333333,0.3602869571775554,0.068051,0.184417,0.014503703703703704,0.010848148148148148,0.013180740740740741,0.027814814814814817,0.002606666666666667,0.03847777777777778,-0.0195637037037037,raw/sweep/ADD_2MiB_8core_diagnostic.json,v1-latched64,740e60f3966a30d58dd8e532f11666614786d21e218e6a6a07c1623565eaf1ac,2097152,1048576.0,6291456,108.35851651506066,86.2422173787885,289.1884780388151,159.10729459368326,96.65944691020826,18.059752752510107,18,7.341005064873761,0.9176256331092201,1.8963805927305666,,
ADD,pipeline,2,8,257,271,0.02704740740740741,0.02711614814814815,3.69288012834183e-05,0.027056197530864197,0.0013648925072080802,0.038698,0.046163699999999995,0.003498943817510541,0.039787133333333335,0.08794159127265282,0.037234,0.050762,0.02013777777777778,0.010414814814814814,0.01158074074074074,,,0.04216148148148148,0.015026666666666664,raw/sweep/ADD_2MiB_8core_pipeline.json,v1-latched64,740e60f3966a30d58dd8e532f11666614786d21e218e6a6a07c1623565eaf1ac,2097152,1048576.0,6291456,232.6084679848825,162.57832446121245,208.28037960715073,181.0896251758987,100.68119487908962,38.76807799748042,19,7.396614996987457,0.9245768746234321,1.9044476091362217,2.1466560771211043,0.5341591926820867
ADD,diagnostic,2,16,272,286,0.03290962962962963,0.03341096296296296,0.00031848761590791414,0.03295516049382716,0.009664271426248103,0.085491,0.16335539999999987,0.051337867346581884,0.09609013333333333,0.5342678333944298,0.044382,0.247725,0.00833111111111111,0.005427407407407408,0.009219259259259259,0.013916296296296296,0.0013992592592592598,0.02302888888888889,-0.0098837037037037,raw/sweep/ADD_2MiB_16core_diagnostic.json,v1-latched64,740e60f3966a30d58dd8e532f11666614786d21e218e6a6a07c1623565eaf1ac,2097152,1048576.0,6291456,191.17371027280095,73.59202723093658,503.4507335289411,227.4751084685843,193.2001637778081,31.862285045466823,20,12.951517061312686,0.8094698163320428,1.7642702800036014,,
ADD,pipeline,2,16,287,301,0.01848962962962963,0.01883385185185185,0.00019065913221396865,0.018492345679012347,0.0103101648391937,0.08449,0.22146639999999995,0.06447620465929015,0.11950186666666666,0.5395414018020094,0.038799,0.260294,0.014754814814814814,0.005434814814814815,0.00604962962962963,,,0.026125185185185185,0.007515555555555557,raw/sweep/ADD_2MiB_16core_pipeline.json,v1-latched64,740e60f3966a30d58dd8e532f11666614786d21e218e6a6a07c1623565eaf1ac,2097152,1048576.0,6291456,340.26944433315975,74.4639128890993,284.26680054219594,346.65791600342845,192.9368406705738,56.71157405552662,21,10.820079323745043,0.6762549577340652,1.4628420335723729,1.77989663875646,0.4381696227604214
ADD,diagnostic,4,1,302,316,0.8523940740740741,0.8525788148148148,0.00013201365337337098,0.8524012345679012,0.0001548726679640384,0.879088,0.9160210999999999,0.02009184754950079,0.8823916666666667,0.022769761216580836,0.865805,0.945461,0.2228474074074074,0.1734637037037037,0.14540962962962964,0.4446925925925926,0.03943703703703699,0.5417325925925927,-0.3106614814814814,raw/sweep/ADD_4MiB_1core_diagnostic.json,v1-latched64,740e60f3966a30d58dd8e532f11666614786d21e218e6a6a07c1623565eaf1ac,4194304,2097152.0,12582912,14.761848284396367,14.313597728555047,37.64283415989682,28.84474715108786,12.089860617655097,2.4603080473993946,22,1.0,1.0,,,
ADD,pipeline,4,1,317,331,0.3982437037037037,0.3982931851851852,3.460079060225755e-05,0.39824143209876545,8.688395484093282e-05,0.428408,0.4968585,0.030061154063009618,0.4402382,0.06828383830165037,0.414026,0.504282,0.2208051851851852,0.1657237037037037,0.14674814814814816,,,0.5332607407407408,0.13503259259259265,raw/sweep/ADD_4MiB_1core_pipeline.json,v1-latched64,740e60f3966a30d58dd8e532f11666614786d21e218e6a6a07c1623565eaf1ac,4194304,2097152.0,12582912,31.59600988785947,29.371328266512297,37.99099189162895,28.58164857907223,12.654508396393819,5.266001647976578,23,1.0,1.0,,2.1403830522535054,0.5327939085729778
ADD,diagnostic,4,2,332,346,0.4365911111111111,0.4369311111111111,0.00029537604004001674,0.4365945679012346,0.0006765453850237459,0.468717,0.483058,0.01259283153907129,0.4666632,0.026984839471103122,0.44942,0.483478,0.11164814814814815,0.08673777777777777,0.0829711111111111,0.22235777777777777,0.019747407407407422,0.2812451851851852,-0.15536666666666665,raw/sweep/ADD_4MiB_2core_diagnostic.json,v1-latched64,740e60f3966a30d58dd8e532f11666614786d21e218e6a6a07c1623565eaf1ac,4194304,2097152.0,12582912,28.820815815459166,26.845435518660516,75.13432277326255,50.55137798966173,24.178069276491087,4.803469302576527,24,1.9523853151860033,0.9761926575930017,1.9523853151860033,,
ADD,pipeline,4,2,347,361,0.20009407407407406,0.20013814814814815,2.761662838168525e-05,0.2000999012345679,0.00013801420296210716,0.211012,0.22033809999999998,0.0054526323245444154,0.21289486666666665,0.0256118543857692,0.209203,0.231228,0.11038,0.0828637037037037,0.07336296296296296,,,0.26661555555555555,0.06652444444444444,raw/sweep/ADD_4MiB_2core_pipeline.json,v1-latched64,740e60f3966a30d58dd8e532f11666614786d21e218e6a6a07c1623565eaf1ac,4194304,2097152.0,12582912,62.884980768305276,59.63126267700415,75.99753578546839,57.17195476575121,25.308451182664975,10.480830128050881,25,1.9902823486730317,0.9951411743365158,1.9902823486730317,2.18192924069049,0.5416899955547865
ADD,diagnostic,4,4,362,376,0.21992296296296296,0.22211525925925926,0.0011391116473909678,0.22028316049382715,0.005171124496476835,0.247138,0.33420619999999995,0.03570753798543036,0.26596486666666663,0.13425659724516384,0.237452,0.360473,0.05557851851851852,0.04337407407407407,0.04350592592592593,0.11118962962962962,0.009950370370370373,0.14215703703703703,-0.07777037037037035,raw/sweep/ADD_4MiB_4core_diagnostic.json,v1-latched64,740e60f3966a30d58dd8e532f11666614786d21e218e6a6a07c1623565eaf1ac,4194304,2097152.0,12582912,57.21508945893512,50.91451739513956,150.9325585424691,96.40764817053444,48.35035778328068,9.535848243155852,26,3.8758757275274847,0.9689689318818712,1.9852002047855142,,
ADD,pipeline,4,4,377,391,0.10107333333333333,0.10112496296296296,3.304614674982382e-05,0.10107511111111112,0.0003269464301008429,0.116938,0.13247149999999996,0.008981807745713132,0.11993066666666667,0.07489166862281371,0.112037,0.146104,0.057594814814814814,0.04148518518518519,0.03712074074074074,,,0.1365525925925926,0.03546518518518518,raw/sweep/ADD_4MiB_4core_pipeline.json,v1-latched64,740e60f3966a30d58dd8e532f11666614786d21e218e6a6a07c1623565eaf1ac,4194304,2097152.0,12582912,124.4928962469494,107.60327695017872,145.64866693246563,112.99084868197873,50.55182930095527,20.748816041158236,27,3.94014613518604,0.98503653379651,1.9796920461124667,2.1758752354359503,0.5404148253934038
ADD,diagnostic,4,8,392,406,0.11646888888888889,0.11763985185185186,0.0009188304840875004,0.11646316049382716,0.00788945173900034,0.140514,0.20687029999999998,0.03233173683520501,0.15935873333333334,0.2028865074346203,0.128182,0.231896,0.028779259259259258,0.021689629629629628,0.026837037037037038,0.05560444444444444,0.005059999999999992,0.07751037037037037,-0.03897037037037038,raw/sweep/ADD_4MiB_8core_diagnostic.json,v1-latched64,740e60f3966a30d58dd8e532f11666614786d21e218e6a6a07c1623565eaf1ac,4194304,2097152.0,12582912,108.03667932304288,89.54916947777446,291.48102542983634,156.28789401048854,96.6891567910932,18.006113220507146,28,7.31864176095349,0.9148302201191862,1.888255010080581,,
ADD,pipeline,4,8,407,421,0.051908888888888886,0.05200866666666667,5.884298233982258e-05,0.051919703703703704,0.001133345881086471,0.079808,0.1391526,0.02986641288869648,0.09259353333333334,0.32255398204946434,0.063222,0.146861,0.04164814814814815,0.020834074074074074,0.025910370370370372,,,0.08852148148148148,0.03661259259259259,raw/sweep/ADD_4MiB_8core_pipeline.json,v1-latched64,740e60f3966a30d58dd8e532f11666614786d21e218e6a6a07c1623565eaf1ac,4194304,2097152.0,12582912,242.40380153259986,157.66479550922213,201.41611027123164,161.87742359701534,100.65971698784043,40.400633588766645,29,7.671975113089887,0.9589968891362359,1.9471295860267992,2.243717624898326,0.5543111178950983
ADD,diagnostic,4,16,422,436,0.06546888888888888,0.06652333333333334,0.001284635286856336,0.06507343209876543,0.01974131754579313,0.08791,0.19492139999999974,0.06743424967138625,0.1130202,0.5966566124585362,0.080378,0.348759,0.01640222222222222,0.010848148148148148,0.018575555555555557,0.02780962962962963,0.002617777777777778,0.04588518518518518,-0.0195762962962963,raw/sweep/ADD_4MiB_16core_diagnostic.json,v1-latched64,740e60f3966a30d58dd8e532f11666614786d21e218e6a6a07c1623565eaf1ac,4194304,2097152.0,12582912,192.19681612979875,143.13402343305654,511.43118818588266,225.7969613590142,193.31889382041652,32.03280268829979,30,13.019834130998044,0.8137396331873777,1.778995960761685,,
ADD,pipeline,4,16,437,451,0.03426888888888889,0.034994000000000004,0.0004296713961331841,0.03431787654320988,0.012520337486271385,0.058992,0.13534219999999997,0.03301832426915178,0.0716714,0.4606903767632805,0.047221,0.162106,0.029437037037037036,0.01090962962962963,0.01143037037037037,,,0.051539259259259264,0.017534074074074077,raw/sweep/ADD_4MiB_16core_pipeline.json,v1-latched64,740e60f3966a30d58dd8e532f11666614786d21e218e6a6a07c1623565eaf1ac,4194304,2097152.0,12582912,367.1817910641333,213.2986167615948,284.96781077000503,366.94384032143086,192.2294405214557,61.19696517735555,31,11.621144326999978,0.7263215204374986,1.5147526100771673,1.9104467933337654,0.47656223481891313
ADD,diagnostic,8,1,452,466,1.704908148148148,1.7051092592592594,0.00014466640568323074,1.7049108641975308,8.485276780221732e-05,1.732653,1.8041061999999999,0.03588831445086005,1.7444324666666666,0.020573060371569966,1.717598,1.857337,0.4459,0.34692518518518517,0.29084592592592595,0.8893748148148148,0.07878592592592593,1.0836762962962965,-0.6212288888888888,raw/sweep/ADD_8MiB_1core_diagnostic.json,v1-latched64,740e60f3966a30d58dd8e532f11666614786d21e218e6a6a07c1623565eaf1ac,8388608,4194304.0,25165824,14.760809271358596,14.524445460227755,37.625512446736934,28.84210247502814,12.08993805901155,2.4601348785597663,32,1.0,1.0,,,
ADD,pipeline,8,1,467,481,0.7946014814814815,0.7946508888888889,2.7139353645532165e-05,0.7946096790123457,3.415432049514527e-05,0.815157,0.9509388999999999,0.06078453576339487,0.8404244,0.07232600072462779,0.804399,1.035039,0.4419111111111111,0.33148,0.29381111111111113,,,1.0672274074074073,0.272594074074074,raw/sweep/ADD_8MiB_1core_pipeline.json,v1-latched64,740e60f3966a30d58dd8e532f11666614786d21e218e6a6a07c1623565eaf1ac,8388608,4194304.0,25165824,31.671000604076397,30.872364464759546,37.96513728251031,28.551023711379187,12.653264148666587,5.278500100679399,33,1.0,1.0,,2.1456141070483037,0.5339329673891414
ADD,diagnostic,8,2,482,496,0.8706044444444444,0.8709145925925926,0.00042654470503596754,0.8704535308641975,0.0004900258197729274,0.900353,0.9325392,0.016626098019450645,0.9009267333333333,0.018454439638988008,0.881239,0.942279,0.22172666666666666,0.1734762962962963,0.1645977777777778,0.44469925925925924,0.039412592592592555,0.5599733333333333,-0.3106362962962963,raw/sweep/ADD_8MiB_2core_diagnostic.json,v1-latched64,740e60f3966a30d58dd8e532f11666614786d21e218e6a6a07c1623565eaf1ac,8388608,4194304.0,25165824,28.90615153711853,27.95106363837295,75.66620764304399,50.96428465349876,24.17796603655959,4.817691922853088,34,1.9583039795255064,0.9791519897627532,1.9583039795255064,,
ADD,pipeline,8,2,497,511,0.39834444444444445,0.39841103703703706,3.285066975518588e-05,0.39834646913580246,8.246758111463662e-05,0.49949,0.5194379,0.04162700280873096,0.47678513333333333,0.08730767781643141,0.415285,0.533083,0.2220111111111111,0.16570296296296297,0.14804444444444445,,,0.5361955555555555,0.13783925925925922,raw/sweep/ADD_8MiB_2core_pipeline.json,v1-latched64,740e60f3966a30d58dd8e532f11666614786d21e218e6a6a07c1623565eaf1ac,8388608,4194304.0,25165824,63.17603860422304,50.38303869947346,75.56926279965968,56.66276793755629,25.312184676730787,10.529339767370505,35,1.9947597928463177,0.9973798964231588,1.9947597928463177,2.1855568882318486,0.5424507111279009
ADD,diagnostic,8,4,512,526,0.43938222222222223,0.44226725925925925,0.0013647415605438215,0.43964483950617284,0.0031041910149036556,0.485565,0.5559967,0.03689420596361594,0.4978806,0.07410251767917035,0.459547,0.559909,0.11187555555555556,0.08674,0.08522444444444445,0.22236296296296296,0.019757777777777805,0.2840125925925926,-0.1553740740740741,raw/sweep/ADD_8MiB_4core_diagnostic.json,v1-latched64,740e60f3966a30d58dd8e532f11666614786d21e218e6a6a07c1623565eaf1ac,8388608,4194304.0,25165824,57.275471621771985,51.8279200518983,149.96319720324166,98.42960027117937,48.35489970025363,9.545911936961998,36,3.8802392584875056,0.9700598146218764,1.9814284702764486,,
ADD,pipeline,8,4,527,541,0.2002325925925926,0.200286,3.1624470375432256e-05,0.20024113580246913,0.00015793193665575634,0.254453,0.2762004,0.022060177181216535,0.24758446666666667,0.08910162046198591,0.216599,0.278061,0.12017037037037037,0.08294222222222222,0.07360814814814814,,,0.27705037037037034,0.07678296296296294,raw/sweep/ADD_8MiB_4core_pipeline.json,v1-latched64,740e60f3966a30d58dd8e532f11666614786d21e218e6a6a07c1623565eaf1ac,8388608,4194304.0,25165824,125.68295537781987,98.90165963851871,139.61191888060162,113.96303549325256,50.568985103418704,20.947159229636643,37,3.9683923141235744,0.9920980785308936,1.9894086136863054,2.1943591526890946,0.5442860851768307
ADD,diagnostic,8,8,542,556,0.22933185185185184,0.23289377777777778,0.0025262815898806287,0.2290248888888889,0.011030598473977433,0.278681,0.3648848999999999,0.05056095321462432,0.2841176,0.17795783582088653,0.237736,0.431835,0.058902222222222224,0.04337407407407407,0.04951777777777778,0.11119111111111112,0.009974814814814825,0.15155185185185185,-0.07779703703703703,raw/sweep/ADD_8MiB_8core_diagnostic.json,v1-latched64,740e60f3966a30d58dd8e532f11666614786d21e218e6a6a07c1623565eaf1ac,8388608,4194304.0,25165824,109.7354065594739,90.30333607242689,284.8316305742096,169.4059866265763,96.70071556656136,18.289234426578982,38,7.434240531269582,0.9292800664086978,1.9159232294782267,,
ADD,pipeline,8,8,557,571,0.10158962962962963,0.10163222222222222,3.556569520322963e-05,0.10158755555555556,0.0003500989369094494,0.164172,0.20296279999999994,0.02581235703652327,0.16754306666666666,0.15406401201834238,0.123289,0.233823,0.08124592592592593,0.041584444444444445,0.04867925925925926,,,0.17020740740740742,0.06864740740740742,raw/sweep/ADD_8MiB_8core_pipeline.json,v1-latched64,740e60f3966a30d58dd8e532f11666614786d21e218e6a6a07c1623565eaf1ac,8388608,4194304.0,25165824,247.72040307409623,153.28937943132811,206.49916668186208,172.32406835369844,100.86233099983968,41.286733845682704,39,7.821679086520934,0.9777098858151168,1.9709944147113296,2.2574336838114126,0.5570191021905826
ADD,diagnostic,8,16,572,586,0.13017481481481483,0.13189762962962961,0.00247911720584594,0.12920162962962964,0.01918797164519206,0.183233,0.257198,0.03765310016035485,0.1895684,0.19862540465792214,0.144246,0.270085,0.03244148148148148,0.02169037037037037,0.03734222222222222,0.0556,0.005070370370370357,0.09117481481481482,-0.03898518518518518,raw/sweep/ADD_8MiB_16core_diagnostic.json,v1-latched64,740e60f3966a30d58dd8e532f11666614786d21e218e6a6a07c1623565eaf1ac,8388608,4194304.0,25165824,193.323294031957,137.3432951487996,517.1532012055895,224.64137110211854,193.37170958267876,32.22054900532617,40,13.097066053625891,0.8185666283516182,1.7617221286475164,,
ADD,pipeline,8,16,587,601,0.06545777777777778,0.06634977777777777,0.00046270216569700863,0.06559911111111111,0.007053482247850713,0.120604,0.19780739999999997,0.04345631637447076,0.12553853333333334,0.3461591849180233,0.082009,0.230447,0.05819037037037037,0.02184888888888889,0.021266666666666666,,,0.10160296296296296,0.03599999999999999,raw/sweep/ADD_8MiB_16core_pipeline.json,v1-latched64,740e60f3966a30d58dd8e532f11666614786d21e218e6a6a07c1623565eaf1ac,8388608,4194304.0,25165824,384.4588810429114,208.6649199031541,288.31602021462123,394.4486520376176,191.9687550854353,64.07648017381857,41,12.139145391997102,0.7586965869998189,1.551987144667753,1.9886836864023176,0.49715482314380666
ADD,diagnostic,16,1,602,616,3.4098244444444443,3.4099822962962962,0.00010177105661854554,3.409846320987654,2.984622972365153e-05,3.439475,3.4829075,0.02043922496317407,3.4457223333333333,0.0059317678518226715,3.423857,3.486355,0.8919540740740741,0.693845925925926,0.5816474074074074,1.7787377777777778,0.15750296296296273,2.167428888888889,-1.2423948148148143,raw/sweep/ADD_16MiB_1core_diagnostic.json,v1-latched64,740e60f3966a30d58dd8e532f11666614786d21e218e6a6a07c1623565eaf1ac,16777216,8388608.0,50331648,14.760773998791727,14.633526337595127,37.6190131031493,28.844306338064044,12.090015501360105,2.460128999798621,42,1.0,1.0,,,
ADD,pipeline,16,1,617,631,1.587277037037037,1.587312962962963,2.9736140131472796e-05,1.5872706172839506,1.8734133806594132e-05,1.620328,1.7371405999999998,0.05307781811220558,1.6576075333333333,0.032020738953490266,1.606121,1.739655,0.8835266666666667,0.6627837037037037,0.5871081481481482,,,2.1333925925925925,0.5461370370370371,raw/sweep/ADD_16MiB_1core_pipeline.json,v1-latched64,740e60f3966a30d58dd8e532f11666614786d21e218e6a6a07c1623565eaf1ac,16777216,8388608.0,50331648,31.709428679163572,31.062629294809447,37.97783730353357,28.576023093732495,12.656629837341494,5.284904779860595,43,1.0,1.0,,2.1482226258432795,0.5344988978470271
ADD,diagnostic,16,2,632,646,1.7472562962962963,1.7477585185185185,0.0004441325595870201,1.747234024691358,0.000254191798757739,1.782318,1.8757837,0.04181226883936385,1.7995802666666667,0.023234456175056883,1.760264,1.886185,0.4431792592592593,0.34694444444444444,0.33586666666666665,0.8893807407407407,0.07884518518518507,1.1259970370370371,-0.6212903703703705,raw/sweep/ADD_16MiB_2core_diagnostic.json,v1-latched64,740e60f3966a30d58dd8e532f11666614786d21e218e6a6a07c1623565eaf1ac,16777216,8388608.0,50331648,28.806104809402765,28.23943202054852,75.71300167811034,49.952012703453754,24.178533867093673,4.801017468233794,44,1.9515307809577427,0.9757653904788713,1.9515307809577427,,
ADD,pipeline,16,2,647,661,0.7947703703703703,0.7948012592592593,3.7177370821091125e-05,0.7947600987654321,4.6778104334681464e-05,0.82092,0.8995034,0.03160157321460586,0.8334737333333333,0.03791549985411161,0.808476,0.91598,0.4420940740740741,0.33133555555555555,0.29374370370370373,,,1.067188888888889,0.2724281481481482,raw/sweep/ADD_16MiB_2core_pipeline.json,v1-latched64,740e60f3966a30d58dd8e532f11666614786d21e218e6a6a07c1623565eaf1ac,16777216,8388608.0,50331648,63.32854101813708,61.3112702821225,75.89885042064115,57.115151026089755,25.31756057974125,10.55475683635618,45,1.9971517512628851,0.9985758756314426,1.9971517512628851,2.198441664957966,0.5451323471805107
ADD,diagnostic,16,4,662,676,0.8747762962962963,0.8804739259259259,0.002949125126821872,0.8758748641975308,0.0033670621767686367,0.898576,0.9221067,0.011051077784973003,0.8999322666666667,0.012279899492776273,0.885569,0.922498,0.22312888888888888,0.17347555555555555,0.16742518518518518,0.4447,0.0394207407407407,0.5641466666666667,-0.31064,raw/sweep/ADD_16MiB_4core_diagnostic.json,v1-latched64,740e60f3966a30d58dd8e532f11666614786d21e218e6a6a07c1623565eaf1ac,16777216,8388608.0,50331648,57.536593313168744,56.0126778369331,150.38138793721618,100.20724170884507,48.35613855298217,9.589432218861457,46,3.8979387746115832,0.9744846936528958,1.9973749902620608,,
ADD,pipeline,16,4,677,691,0.3985592592592593,0.3986078518518519,3.3947545155222016e-05,0.39855911111111114,8.517568463202952e-05,0.440062,0.5330862999999999,0.05084521355035253,0.46084553333333333,0.11033027310167237,0.411824,0.571867,0.23618814814814815,0.16584592592592592,0.1481237037037037,,,0.5504614814814814,0.15190222222222216,raw/sweep/ADD_16MiB_4core_pipeline.json,v1-latched64,740e60f3966a30d58dd8e532f11666614786d21e218e6a6a07c1623565eaf1ac,16777216,8388608.0,50331648,126.28397617343951,114.37399275556625,142.06653578126665,113.26489670795682,50.58072999481893,21.04732936223992,47,3.982537101225711,0.9956342753064278,1.9941084089916457,2.1948462517772347,0.5443872211138847
ADD,diagnostic,16,8,692,706,0.459697037037037,0.4650279259259259,0.0035305318478036527,0.46014177777777776,0.007672704410484323,0.546309,0.6107375,0.04280665105231062,0.5417862,0.07901022774723797,0.480839,0.611336,0.11621851851851851,0.08673777777777777,0.1012274074074074,0.22235703703703705,0.019785925925925915,0.30432444444444445,-0.1554037037037037,raw/sweep/ADD_16MiB_8core_diagnostic.json,v1-latched64,740e60f3966a30d58dd8e532f11666614786d21e218e6a6a07c1623565eaf1ac,16777216,8388608.0,50331648,109.4887370264796,92.13036578200249,288.71846266611425,165.73788097206875,96.71227710596435,18.248122837746603,48,7.417547144576702,0.9271933930720877,1.9029409063296117,,
ADD,pipeline,16,8,707,721,0.20089333333333334,0.20103251851851853,9.259039150823109e-05,0.20088414814814815,0.0004609143745874238,0.271355,0.3403295,0.04219392418933368,0.26822593333333333,0.15730740001526206,0.21291,0.351582,0.16162518518518518,0.08312074074074075,0.09336444444444444,,,0.3385377777777778,0.13771777777777783,raw/sweep/ADD_16MiB_8core_pipeline.json,v1-latched64,740e60f3966a30d58dd8e532f11666614786d21e218e6a6a07c1623565eaf1ac,16777216,8388608.0,50331648,250.53916506271986,185.48266293232112,207.6064566395043,179.69598705193508,100.92075606213184,41.7565275104533,49,7.901093633621675,0.9876367042027093,1.983934721208233,2.2882642714394223,0.5629875392972183
ADD,diagnostic,16,16,722,736,0.2607125925925926,0.2624617037037037,0.003674592319226999,0.2586906666666667,0.014204580190602155,0.327638,0.3847189999999999,0.042526413534918,0.328573,0.12942759610472557,0.279379,0.448202,0.06380888888888889,0.04337407407407407,0.07562296296296296,0.11119259259259259,0.009978518518518498,0.18292592592592594,-0.07779185185185183,raw/sweep/ADD_16MiB_16core_diagnostic.json,v1-latched64,740e60f3966a30d58dd8e532f11666614786d21e218e6a6a07c1623565eaf1ac,16777216,8388608.0,50331648,193.05415016393815,153.6196900237457,525.8582712265794,221.85346014829906,193.4014311331227,32.17569169398969,50,13.078863627323402,0.8174289767077126,1.7632329626493768,,
ADD,pipeline,16,16,737,751,0.12842074074074075,0.1304217037037037,0.0014334720047398375,0.1286083950617284,0.011146022031079787,0.191093,0.23176939999999993,0.034882848165579274,0.188573,0.18498325935091064,0.141013,0.269799,0.11603185185185186,0.04370518518518519,0.041198518518518516,,,0.20091925925925927,0.07228962962962959,raw/sweep/ADD_16MiB_16core_pipeline.json,v1-latched64,740e60f3966a30d58dd8e532f11666614786d21e218e6a6a07c1623565eaf1ac,16777216,8388608.0,50331648,391.92771907157027,263.38823504785626,289.1829395504427,407.2286238268187,191.9362191112166,65.32128651192838,51,12.35997415901435,0.7724983849383968,1.5643371325734852,2.0301439712057587,0.5074240969195538
ADD,diagnostic,32,1,752,766,6.819808148148148,6.820212074074074,0.0002051957796561739,6.819812543209877,3.0088184734707465e-05,6.875465,6.9689967,0.04058282022986485,6.896531333333333,0.005884526331913258,6.860907,7.006474,1.7841333333333333,1.3876570370370371,1.1633377777777778,3.557411111111111,0.3149222222222223,4.335114814814815,-2.4846837037037037,raw/sweep/ADD_32MiB_1core_diagnostic.json,v1-latched64,740e60f3966a30d58dd8e532f11666614786d21e218e6a6a07c1623565eaf1ac,33554432,16777216.0,100663296,14.76042929848901,14.640943703444059,37.614265002615646,28.843241095545,12.090318826778097,2.4600715497481684,52,1.0,1.0,,,
ADD,pipeline,32,1,767,781,3.172677777777778,3.172778074074074,6.103289313174685e-05,3.172676197530864,1.923703817592407e-05,3.209227,3.2510983,0.026078134710902926,3.2129600000000003,0.008116545089544508,3.184136,3.286239,1.7667362962962962,1.3255274074074075,1.1742503703703704,,,4.266495555555556,1.0938192592592597,raw/sweep/ADD_32MiB_1core_pipeline.json,v1-latched64,740e60f3966a30d58dd8e532f11666614786d21e218e6a6a07c1623565eaf1ac,33554432,16777216.0,100663296,31.728181382008188,31.366835689715938,37.98465234493902,28.57519388255896,12.657011772253336,5.288030230334697,53,1.0,1.0,,2.149543264656681,0.5347848929387717
ADD,diagnostic,32,2,782,796,3.490285925925926,3.4924438518518515,0.0017804823929954074,3.4902293827160493,0.0005101333459091621,3.506701,3.5249237,0.012215420096083916,3.509075533333333,0.0034810935188050148,3.50047,3.551089,0.8935977777777778,0.6938755555555556,0.6606725925925926,1.778737037037037,0.15733703703703683,2.2481266666666664,-1.2421977777777777,raw/sweep/ADD_32MiB_2core_diagnostic.json,v1-latched64,740e60f3966a30d58dd8e532f11666614786d21e218e6a6a07c1623565eaf1ac,33554432,16777216.0,100663296,28.840988427988282,28.70598206120225,75.09963170106361,50.788291169044335,24.178998475551168,4.806831404664714,54,1.9539396751109854,0.9769698375554927,1.9539396751109854,,
ADD,pipeline,32,2,797,811,1.5875592592592593,1.587602888888889,3.829981323765127e-05,1.5875523456790124,2.4125071114596888e-05,1.685396,1.710533,0.042379842107618436,1.6614267333333332,0.02550810171604223,1.601653,1.719143,0.8789918518518518,0.6625214814814815,0.5870851851851852,,,2.1284711111111108,0.5409081481481477,raw/sweep/ADD_32MiB_2core_pipeline.json,v1-latched64,740e60f3966a30d58dd8e532f11666614786d21e218e6a6a07c1623565eaf1ac,33554432,16777216.0,100663296,63.40758331564176,59.72679180441867,76.34753821507637,57.15428160466334,25.323278518432385,10.567930552606958,55,1.9984625829073748,0.9992312914536874,1.9984625829073748,2.1985232397274173,0.5451492247477974
ADD,diagnostic,32,4,812,826,1.7490451851851851,1.758279037037037,0.0060933322763328,1.749526913580247,0.0034828456933328066,1.860064,1.8836328,0.011885341378593832,1.8633736,0.00637839957515435,1.842502,1.884015,0.44610962962962963,0.3469437037037037,0.33540296296296296,0.8893844444444444,0.0787762962962964,1.1277548148148149,-0.6212325925925928,raw/sweep/ADD_32MiB_4core_diagnostic.json,v1-latched64,740e60f3966a30d58dd8e532f11666614786d21e218e6a6a07c1623565eaf1ac,33554432,16777216.0,100663296,57.5532849880845,54.118189481652244,150.43132795791766,100.04214543478933,48.35717097874775,9.592214164680751,56,3.8991606425685803,0.9747901606421451,1.9955378828914485,,
ADD,pipeline,32,4,827,841,0.7951140740740741,0.7952405185185185,6.908016153534106e-05,0.7951212345679012,8.688003606504336e-05,0.820092,0.8561491999999999,0.017103994957179975,0.8247420666666667,0.020738598949255296,0.807102,0.865623,0.46181925925925926,0.3315022222222222,0.29745925925925926,,,1.090834074074074,0.29571481481481476,raw/sweep/ADD_32MiB_4core_pipeline.json,v1-latched64,740e60f3966a30d58dd8e532f11666614786d21e218e6a6a07c1623565eaf1ac,33554432,16777216.0,100663296,126.6023320203763,122.7463455319647,145.3141302674126,112.80345444131783,50.609663752882504,21.100388670062717,57,3.990217103718637,0.9975542759296593,1.996643388696148,2.1997411971634167,0.5454010675030736
ADD,diagnostic,32,8,842,856,0.9220474074074074,0.9251983703703703,0.005571655016225555,0.9197127407407407,0.006058038308502847,0.950986,1.0711043,0.053121866225375285,0.9773354666666667,0.05435376903547204,0.933179,1.079869,0.23357259259259258,0.1734762962962963,0.20340222222222223,0.4447022222222222,0.03941185185185178,0.6114414814814815,-0.31063851851851854,raw/sweep/ADD_32MiB_8core_diagnostic.json,v1-latched64,740e60f3966a30d58dd8e532f11666614786d21e218e6a6a07c1623565eaf1ac,33554432,16777216.0,100663296,109.17366633353792,105.85150149423862,287.3148054534557,164.9659066327255,96.71186414623836,18.195611055589655,58,7.396374734487822,0.9245468418109778,1.8969145958591347,,
ADD,pipeline,32,8,857,871,0.39918592592592594,0.3995234074074074,0.0001509613844801139,0.39923925925925924,0.00037812259435658884,0.507286,0.5664198,0.03610227795582989,0.5059368,0.0713572880166651,0.438428,0.578331,0.31398592592592595,0.16607481481481481,0.18835037037037036,,,0.6672748148148148,0.2681355555555555,raw/sweep/ADD_32MiB_8core_pipeline.json,v1-latched64,740e60f3966a30d58dd8e532f11666614786d21e218e6a6a07c1623565eaf1ac,33554432,16777216.0,100663296,252.17145561058524,198.43499722050282,213.73207669133552,178.14900992240624,101.0220364761977,42.028575935097535,59,7.947869831379047,0.9934837289223809,1.9918389462999697,2.309819428800466,0.5670657249084967
ADD,diagnostic,32,16,872,886,0.5127207407407407,0.520872,0.004615711586767271,0.5132347654320988,0.0089933728142544,0.623586,0.6379381,0.026239298065524334,0.6128283999999999,0.042816713562107006,0.560148,0.638104,0.13064222222222222,0.08674074074074074,0.1405288888888889,0.2223585185185185,0.01978296296296292,0.35734,-0.15539851851851844,raw/sweep/ADD_32MiB_16core_diagnostic.json,v1-latched64,740e60f3966a30d58dd8e532f11666614786d21e218e6a6a07c1623565eaf1ac,33554432,16777216.0,100663296,196.3316246082988,161.42648487939113,513.6843423089354,238.7724848983206,193.41794705380016,32.721937434716466,60,13.301213713912563,0.8313258571195352,1.7983423219339676,,
ADD,pipeline,32,16,887,901,0.2527274074074074,0.2540925185185185,0.0009288207643460368,0.25266869135802467,0.0036760421695061656,0.322082,0.36666049999999994,0.030529570957164978,0.3174164,0.09618145425745166,0.273318,0.382169,0.2313051851851852,0.08745481481481482,0.08174962962962963,,,0.400917037037037,0.14844962962962965,raw/sweep/ADD_32MiB_16core_pipeline.json,v1-latched64,740e60f3966a30d58dd8e532f11666614786d21e218e6a6a07c1623565eaf1ac,33554432,16777216.0,100663296,398.3077934943813,312.53934091318365,290.13125644490844,410.4536271542741,191.83867732755115,66.38463224906356,61,12.553754301223394,0.7846096438264621,1.5795118148085188,2.0287500512922723,0.5070856563315819
ADD,diagnostic,64,1,902,916,13.63990962962963,13.64030962962963,0.00032065136365641995,13.63987975308642,2.350837173501205e-05,13.71284,13.789976900000001,0.0409185684337403,13.729167666666667,0.002980411444248536,13.685641,13.837369,3.5686466666666665,2.7753637037037038,2.3267096296296295,7.1148562962962965,0.6297214814814813,8.670738518518519,-4.9692029629629655,raw/sweep/ADD_64MiB_1core_diagnostic.json,v1-latched64,740e60f3966a30d58dd8e532f11666614786d21e218e6a6a07c1623565eaf1ac,67108864,33554432.0,201326592,14.760111867798843,14.681611686565294,37.61025972497511,28.842818693573953,12.090102625188129,2.4600186446331405,62,1.0,1.0,,,
ADD,pipeline,64,1,917,931,6.343593333333334,6.343641333333333,4.6210813497287884e-05,6.343583308641976,7.284654626405564e-06,6.483458,6.6485849,0.07070287721565116,6.499683,0.010877896232116421,6.391452,6.678834,3.536017777777778,2.651545185185185,2.3507096296296295,,,8.538091111111111,2.1944881481481477,raw/sweep/ADD_64MiB_1core_pipeline.json,v1-latched64,740e60f3966a30d58dd8e532f11666614786d21e218e6a6a07c1623565eaf1ac,67108864,33554432.0,201326592,31.736995330722124,31.052347682363333,37.95731142628745,28.548342659647616,12.654671015027995,5.289499221787021,63,1.0,1.0,,2.15018663916502,0.5349240936645718
ADD,diagnostic,64,2,932,946,6.9613555555555555,6.965433259259259,0.0027657764087120717,6.9611464691358025,0.0003973162209666063,7.018489,7.1097278,0.05021429113234423,7.041094066666667,0.007131603506060846,6.987791,7.13013,1.782548888888889,1.387751851851852,1.308308888888889,3.557456296296296,0.31449407407407426,4.477077777777778,-2.4842088888888894,raw/sweep/ADD_64MiB_2core_diagnostic.json,v1-latched64,740e60f3966a30d58dd8e532f11666614786d21e218e6a6a07c1623565eaf1ac,67108864,33554432.0,201326592,28.920601798500293,28.685175968787583,75.29539797568276,51.29435760158576,24.17898556951958,4.820100299750049,64,1.9593755154115364,0.9796877577057682,1.9593755154115364,,
ADD,pipeline,64,2,947,961,3.1730881481481483,3.1732542222222224,8.37875686062973e-05,3.1731171851851854,2.6405444147316417e-05,3.278782,3.3303651,0.04862015915940337,3.2607944,0.014910525839777991,3.195083,3.349851,1.7695607407407408,1.3250718518518518,1.1765533333333333,,,4.271227407407408,1.0980540740740738,raw/sweep/ADD_64MiB_2core_pipeline.json,v1-latched64,740e60f3966a30d58dd8e532f11666614786d21e218e6a6a07c1623565eaf1ac,67108864,33554432.0,201326592,63.44815605500798,61.402859964462415,75.84804799851982,57.038522690570765,25.32272642657533,10.574692675834664,65,1.999185978188324,0.999592989094162,1.999185978188324,2.193873989797064,0.5441853066080148
ADD,diagnostic,64,4,962,976,3.4969562962962963,3.526435185185185,0.014238793470505884,3.5022255802469138,0.004065641445489648,3.620137,3.6822231000000003,0.04249545183305194,3.620743733333333,0.011736663780380208,3.546393,3.707477,0.8985422222222222,0.6938740740740741,0.6628266666666667,1.7787385185185185,0.15727851851851848,2.2547362962962962,-1.2421414814814815,raw/sweep/ADD_64MiB_4core_diagnostic.json,v1-latched64,740e60f3966a30d58dd8e532f11666614786d21e218e6a6a07c1623565eaf1ac,67108864,33554432.0,201326592,57.57194970186772,55.61297597300875,149.37275587123835,101.24647570003219,48.35810019963063,9.595324950311287,66,3.9005090352647414,0.9751272588161853,1.9906898930731507,,
ADD,pipeline,64,4,977,991,1.5885074074074075,1.588579851851852,5.498457910051284e-05,1.5885032592592592,3.461408012858148e-05,1.693993,1.7329977,0.028080988351212897,1.6897527333333333,0.016618400904029447,1.629854,1.743924,0.9560829629629629,0.6633,0.5922503703703703,,,2.212754074074074,0.6242296296296295,raw/sweep/ADD_64MiB_4core_pipeline.json,v1-latched64,740e60f3966a30d58dd8e532f11666614786d21e218e6a6a07c1623565eaf1ac,67108864,33554432.0,201326592,126.73947320685386,118.84735769274135,140.3829303516199,113.31164547526197,50.58711292024725,21.123245534475643,67,3.9934301242489454,0.9983575310622363,1.99752807783687,2.201410128772176,0.5457457077488127
ADD,diagnostic,64,8,992,1006,1.825848148148148,1.840945925925926,0.008640737927942385,1.8282993580246913,0.004726106745056184,1.95684,2.0078147,0.03285613869974894,1.9622794000000001,0.016743863641308643,1.91202,2.011237,0.46421111111111113,0.34694444444444444,0.3958377777777778,0.8893874074074074,0.07867555555555539,1.2047281481481482,-0.6211199999999999,raw/sweep/ADD_64MiB_8core_diagnostic.json,v1-latched64,740e60f3966a30d58dd8e532f11666614786d21e218e6a6a07c1623565eaf1ac,67108864,33554432.0,201326592,110.26469654894022,102.88352241368737,289.13079585437663,169.53627917160227,96.71413546837469,18.37744942482337,68,7.470451276829237,0.9338064096036546,1.9152503453493963,,
ADD,pipeline,64,8,1007,1021,0.7959088888888889,0.7961600740740741,0.00016998845315114078,0.7959167901234568,0.00021357565924042562,0.822397,0.8659901,0.024777652591071033,0.8298119333333334,0.0298593592062961,0.809662,0.907855,0.6173059259259259,0.3319377777777778,0.3569222222222222,,,1.3027444444444445,0.5070451851851853,raw/sweep/ADD_64MiB_8core_pipeline.json,v1-latched64,740e60f3966a30d58dd8e532f11666614786d21e218e6a6a07c1623565eaf1ac,67108864,33554432.0,201326592,252.9518074374789,244.80462842155308,217.42497903074653,188.02097437972793,101.08651152826499,42.15863457291315,69,7.970250642870904,0.996281330358863,1.9958407671825455,2.2940416593375197,0.5640881254576767
ADD,diagnostic,64,16,1022,1036,1.0296459259259259,1.037002,0.006320076463617876,1.0285057777777777,0.006144910996293316,1.153281,1.2091835,0.04801887066084392,1.1356864,0.042281804784176265,1.057573,1.216117,0.26109481481481484,0.1734762962962963,0.28131333333333336,0.44470296296296297,0.03940296296296292,0.7189955555555556,-0.3106229629629629,raw/sweep/ADD_64MiB_16core_diagnostic.json,v1-latched64,740e60f3966a30d58dd8e532f11666614786d21e218e6a6a07c1623565eaf1ac,67108864,33554432.0,201326592,195.52992628893642,174.56855007582715,514.0574242931473,238.55557504087966,193.4237282924767,32.588321048156075,70,13.247184576934755,0.8279490360584222,1.7732776891301,,
ADD,pipeline,64,16,1037,1051,0.5024059259259259,0.5052128888888889,0.001624967530389074,0.5027605925925925,0.0032320900928403742,0.579829,0.6774394,0.055401706765182225,0.5953369333333334,0.09305941503575828,0.532421,0.692593,0.4628933333333333,0.17493555555555557,0.16028962962962964,,,0.7978207407407407,0.2946777777777777,raw/sweep/ADD_64MiB_16core_pipeline.json,v1-latched64,740e60f3966a30d58dd8e532f11666614786d21e218e6a6a07c1623565eaf1ac,67108864,33554432.0,201326592,400.7249548837593,347.217182997056,289.9539015467926,418.67252519744346,191.81024631292794,66.78749248062655,71,12.62643015534141,0.7891518847088381,1.5841948667743952,2.049430296882556,0.5120595213600936
ADD,diagnostic,128,1,1052,1066,27.27952074074074,27.280127703703705,0.0003264287207240986,27.2795535308642,1.1966058035179197e-05,27.402819,27.4765824,0.04439804668933748,27.4023636,0.0016202269022274223,27.3268,27.487599,7.137026666666666,5.550592592592593,4.653374814814815,14.22966074074074,1.2594414814814794,17.34100074074074,-9.938533333333332,raw/sweep/ADD_128MiB_1core_diagnostic.json,v1-latched64,740e60f3966a30d58dd8e532f11666614786d21e218e6a6a07c1623565eaf1ac,134217728,67108864.0,402653184,14.760273387012095,14.693859927330832,37.611664988407874,28.84309417171703,12.090396274004778,2.460045564502016,72,1.0,1.0,,,
ADD,pipeline,128,1,1067,1081,12.685004444444445,12.685123555555556,8.18129221828516e-05,12.685015358024692,6.44957218211768e-06,12.706083,12.7495288,0.018942476700589576,12.715959466666668,0.0014896616138361373,12.699092,12.754384,7.067222222222222,5.301977037037037,4.696951111111111,,,17.06614,4.381103703703703,raw/sweep/ADD_128MiB_1core_pipeline.json,v1-latched64,740e60f3966a30d58dd8e532f11666614786d21e218e6a6a07c1623565eaf1ac,134217728,67108864.0,402653184,31.742455098338336,31.689796454186553,37.9831633362157,28.575500324560426,12.657328300596186,5.290409183056389,73,1.0,1.0,,2.1505330061345105,0.5349989992492807
ADD,diagnostic,128,2,1082,1096,13.974005185185185,13.977062370370371,0.05700775670128248,13.955464345679012,0.004084977417389456,14.024205,14.1277891,0.0863903512727468,14.0331702,0.0061561536018958,13.782815,14.152833,3.5459022222222223,2.7754925925925926,2.683800740740741,7.1149148148148145,0.6300881481481482,9.004503703703705,-4.969516296296296,raw/sweep/ADD_128MiB_2core_diagnostic.json,v1-latched64,740e60f3966a30d58dd8e532f11666614786d21e218e6a6a07c1623565eaf1ac,134217728,67108864.0,402653184,28.814443580347362,28.711301924066284,75.7030056603679,50.010317816275474,24.17908236509235,4.802407263391228,74,1.9521619163031125,0.9760809581515563,1.9521619163031125,,
ADD,pipeline,128,2,1097,1111,6.344808148148148,6.344987703703703,0.00016167742104989676,6.344782666666666,2.5481947852886283e-05,6.405193,6.4944904,0.049410478095238054,6.4268762,0.007688101739883842,6.375893,6.543881,3.5401718518518517,2.6504303703703704,2.3503103703703703,,,8.538054814814815,2.1934400000000007,raw/sweep/ADD_128MiB_2core_pipeline.json,v1-latched64,740e60f3966a30d58dd8e532f11666614786d21e218e6a6a07c1623565eaf1ac,134217728,67108864.0,402653184,63.46183755256995,62.8635521209119,75.82554385307095,57.10638462563968,25.319987557576255,10.576972925428326,75,1.999273129818244,0.999636564909122,1.999273129818244,2.2024314776584317,0.5459563622550591
ADD,diagnostic,128,4,1112,1126,6.985837777777777,7.00553837037037,0.01415557735211782,6.987750913580247,0.0020257701694270987,7.134932,7.2112188999999995,0.04661554866361139,7.138349266666666,0.006530298101451549,7.055879,7.220895,1.792171851851852,1.3877451851851852,1.3274851851851852,3.557462962962963,0.3145888888888888,4.501539259259259,-2.484274814814815,raw/sweep/ADD_128MiB_4core_diagnostic.json,v1-latched64,740e60f3966a30d58dd8e532f11666614786d21e218e6a6a07c1623565eaf1ac,134217728,67108864.0,402653184,57.638496170188134,56.43406047878241,149.78220739413217,101.10676148997966,48.35820344859981,9.606416028364688,76,3.9049748374515594,0.9762437093628898,2.0003334789188836,,
ADD,pipeline,128,4,1127,1141,3.174882222222222,3.1750303703703704,8.573377530074457e-05,3.174892,2.7003682424707542e-05,3.278209,3.3284095000000002,0.037158766528941505,3.276142666666667,0.011342230882377579,3.206641,3.336729,1.88122,1.3264296296296296,1.1820288888888888,,,4.397041481481481,1.222135555555555,raw/sweep/ADD_128MiB_4core_pipeline.json,v1-latched64,740e60f3966a30d58dd8e532f11666614786d21e218e6a6a07c1623565eaf1ac,134217728,67108864.0,402653184,126.82460507721372,122.82718520997288,142.69221887923794,113.54860212102356,50.59361047199947,21.13743417953562,77,3.9954252021247334,0.9988563005311833,1.9984389038870152,2.200345489631461,0.5455259164016595
ADD,diagnostic,128,8,1142,1156,3.664728888888889,3.675859037037037,0.01031993970773244,3.662176888888889,0.0028179795845043216,3.772544,3.8562661,0.058533546576382434,3.770777333333333,0.015522939012853168,3.689752,3.931528,0.93646,0.69388,0.7866985185185185,1.778742962962963,0.15718444444444457,2.4226637037037038,-1.2420392592592595,raw/sweep/ADD_128MiB_8core_diagnostic.json,v1-latched64,740e60f3966a30d58dd8e532f11666614786d21e218e6a6a07c1623565eaf1ac,134217728,67108864.0,402653184,109.8725707161603,106.73253486241644,286.64914251543047,170.6088480409927,96.71537441632559,18.31209511936005,78,7.44380323015153,0.9304754037689412,1.9062359016401393,,
ADD,pipeline,128,8,1157,1171,1.589168148148148,1.5897216296296297,0.00033589022870251595,1.5892291851851852,0.00021135417838640832,1.69827,1.7191083999999999,0.034697988796525504,1.6885136666666667,0.02054942727530515,1.615343,1.747961,1.2109696296296297,0.6634637037037037,0.6905644444444444,,,2.5703192592592594,0.9806607407407408,raw/sweep/ADD_128MiB_8core_pipeline.json,v1-latched64,740e60f3966a30d58dd8e532f11666614786d21e218e6a6a07c1623565eaf1ac,134217728,67108864.0,402653184,253.37355551029026,237.09609426062994,221.6698498723704,194.35945345836257,101.14926200992323,42.22892591838171,79,7.982166304570247,0.9977707880712808,1.9978264892370898,2.3060674184537264,0.5663613335855879
ADD,diagnostic,128,16,1172,1186,2.056871851851852,2.071732962962963,0.011094092796946616,2.057333037037037,0.005392463250832877,2.198133,2.2713812,0.041159820370402576,2.2062752666666667,0.018655795581024013,2.144055,2.290746,0.521002962962963,0.34694592592592594,0.567485925925926,0.8893822222222222,0.07862444444444427,1.4358525925925927,-0.6210651851851852,raw/sweep/ADD_128MiB_16core_diagnostic.json,v1-latched64,740e60f3966a30d58dd8e532f11666614786d21e218e6a6a07c1623565eaf1ac,134217728,67108864.0,402653184,195.75997582809134,183.17962743837612,515.2282713967646,236.51287524180725,193.42744498555652,32.626662638015226,80,13.262625338657012,0.8289140836660632,1.7817001509303771,,
ADD,pipeline,128,16,1187,1201,0.9983155555555555,1.0070924444444445,0.003987420223224495,0.9996082469135802,0.003988982919594922,1.088606,1.1684423,0.05360687701307769,1.0925266666666666,0.049066881979763444,1.009681,1.201665,0.9223859259259259,0.3500711111111111,0.31936444444444445,,,1.5917022222222224,0.5917740740740741,raw/sweep/ADD_128MiB_16core_pipeline.json,v1-latched64,740e60f3966a30d58dd8e532f11666614786d21e218e6a6a07c1623565eaf1ac,134217728,67108864.0,402653184,403.3325753157541,369.87962954457356,291.02293135114166,420.2650931711594,191.70066272249449,67.22209588595902,81,12.706407682273698,0.7941504801421061,1.5918495302457623,2.0603423841344606,0.5146437758595667
ADD,diagnostic,256,1,1202,1216,54.55900740740741,54.560141925925926,0.000548150469513288,54.5591784691358,1.0046897422096952e-05,54.65628,54.764539,0.05774375497274398,54.67460226666667,0.0010561348885741867,54.625387,54.854307,14.274342222222222,11.101157037037037,9.306792592592593,28.459206666666667,2.5187600000000003,34.68229185185185,-19.876823703703707,raw/sweep/ADD_256MiB_1core_diagnostic.json,v1-latched64,740e60f3966a30d58dd8e532f11666614786d21e218e6a6a07c1623565eaf1ac,268435456,134217728.0,805306368,14.760282605336853,14.734013511347644,37.61090379101338,28.842961023290833,12.09042693047278,2.4600471008894758,82,1.0,1.0,,,
ADD,pipeline,256,1,1217,1231,25.36810296296296,25.36829614814815,0.00012655116076043692,25.368131209876545,4.988588229595994e-06,25.451566,25.555170999999998,0.041959877224160995,25.47282433333333,0.0016472408663868877,25.433204,25.559483,14.136274074074073,10.604034074074074,9.394141481481482,,,34.13404222222222,8.766082962962962,raw/sweep/ADD_256MiB_1core_pipeline.json,v1-latched64,740e60f3966a30d58dd8e532f11666614786d21e218e6a6a07c1623565eaf1ac,268435456,134217728.0,805306368,31.744839934453708,31.640739434265065,37.97824725148908,28.574772535538504,12.657232809931315,5.2908066557422835,83,1.0,1.0,,2.1506932342186844,0.535033642134795
ADD,diagnostic,256,2,1232,1246,27.915017777777777,27.928667037037037,0.13547384174374655,27.85863362962963,0.004862903311943502,27.985815,28.0600831,0.1306559216221129,27.962130066666667,0.004672602598965317,27.529679,28.0735,7.146592592592593,5.550877037037037,5.277652592592593,14.22964962962963,1.2581311111111084,17.97816962962963,-9.936888148148146,raw/sweep/ADD_256MiB_2core_diagnostic.json,v1-latched64,740e60f3966a30d58dd8e532f11666614786d21e218e6a6a07c1623565eaf1ac,268435456,134217728.0,805306368,28.848499198917857,28.775519598053513,75.12264132090921,50.86266124768433,24.17955344794363,4.808083199819643,84,1.954467944163017,0.9772339720815085,1.954467944163017,,
ADD,pipeline,256,2,1247,1261,12.687008148148148,12.687415407407407,0.0003040595154051654,12.687005481481481,2.396621612948652e-05,12.721946,12.7677131,0.024117132839539493,12.7247464,0.0018952937906518508,12.698903,12.769888,7.0239051851851855,5.299648148148148,4.697622222222222,,,17.021175555555555,4.33404074074074,raw/sweep/ADD_256MiB_2core_pipeline.json,v1-latched64,740e60f3966a30d58dd8e532f11666614786d21e218e6a6a07c1623565eaf1ac,268435456,134217728.0,805306368,63.47488380210003,63.30056486641273,76.43481764707867,57.142835950102416,25.32578092885272,10.579147300350005,85,1.9995339063974513,0.9997669531987257,1.9995339063974513,2.2002837431654347,0.5455131625154165
ADD,diagnostic,256,4,1262,1276,14.00806,14.021050814814815,0.018870579828355154,14.00199175308642,0.0013477068235092742,14.080401,14.1828249,0.04968659624802503,14.091209,0.003526070491753052,14.031529,14.221222,3.5796703703703705,2.7754955555555556,2.6883274074074075,7.114925185185185,0.6291429629629621,9.039402962962964,-4.968574814814815,raw/sweep/ADD_256MiB_4core_diagnostic.json,v1-latched64,740e60f3966a30d58dd8e532f11666614786d21e218e6a6a07c1623565eaf1ac,268435456,134217728.0,805306368,57.48878631302264,57.193425670192205,149.97775114820212,99.85221861755153,48.35811310572767,9.581464385503775,86,3.8948296486028333,0.9737074121507083,1.9927825678771918,,
ADD,pipeline,256,4,1277,1291,6.347615555555556,6.347780074074074,0.00015151962624998923,6.347579407407408,2.3870457780043053e-05,6.507541,6.5518386,0.03452531789005741,6.500813133333334,0.005310922984853486,6.458655,6.567422,3.7586362962962965,2.6527414814814816,2.363179259259259,,,8.798675555555555,2.4512103703703696,raw/sweep/ADD_256MiB_4core_pipeline.json,v1-latched64,740e60f3966a30d58dd8e532f11666614786d21e218e6a6a07c1623565eaf1ac,268435456,134217728.0,805306368,126.8675396220523,123.74971867253699,142.83662202938456,113.59081413237409,50.595856753083666,21.144589937008718,87,3.9964775341128385,0.9991193835282096,1.9987045587605308,2.206822369344639,0.5468597681937716
ADD,diagnostic,256,8,1292,1306,7.31468962962963,7.351850148148149,0.016946320142441212,7.321676839506173,0.0023145408509431284,7.416446,7.5002661999999996,0.05538369963506109,7.420148533333333,0.007463961049601957,7.351022,7.567686,1.8657214814814815,1.3877585185185186,1.5760525925925926,3.5574785185185185,0.31420666666666675,4.830739259259259,-2.483926666666667,raw/sweep/ADD_256MiB_8core_diagnostic.json,v1-latched64,740e60f3966a30d58dd8e532f11666614786d21e218e6a6a07c1623565eaf1ac,268435456,134217728.0,805306368,110.09440027885034,108.58386456262205,287.75512172036315,170.32138220617756,96.71547766342098,18.349066713141724,88,7.4588273966410155,0.9323534245801269,1.9150586982197468,,
ADD,pipeline,256,8,1307,1321,3.175408148148148,3.1759267407407408,0.00028315060677657156,3.175449037037037,8.91686824364138e-05,3.231508,3.2891616,0.03305439667852004,3.2396737333333334,0.010203001721568435,3.194879,3.304122,2.3165014814814815,1.3268066666666667,1.3019125925925925,,,4.941477777777778,1.7657362962962968,raw/sweep/ADD_256MiB_8core_pipeline.json,v1-latched64,740e60f3966a30d58dd8e532f11666614786d21e218e6a6a07c1623565eaf1ac,268435456,134217728.0,805306368,253.6071995877579,249.20451009250172,231.7593648404027,206.18546707920316,101.15846669446942,42.267866597959646,89,7.988926707817788,0.9986158384772235,1.9989920222562234,2.3035431315799357,0.5658861402286277
ADD,diagnostic,256,16,1322,1336,4.113085185185185,4.132860074074074,0.015402329349884447,4.111613333333334,0.003746054918398077,4.235249,4.3058507,0.03997064512626144,4.243597666666667,0.009419046824403185,4.199502,4.35282,1.0531422222222222,0.6938792592592593,1.1240096296296296,1.778745925925926,0.15707629629629682,2.871132592592593,-1.2419422222222218,raw/sweep/ADD_256MiB_16core_diagnostic.json,v1-latched64,740e60f3966a30d58dd8e532f11666614786d21e218e6a6a07c1623565eaf1ac,268435456,134217728.0,805306368,195.7913176465715,190.143806893054,509.780066425554,238.81953403588872,193.43095532684197,32.63188627442858,90,13.264740444453249,0.8290462777783281,1.7783948788554684,,
ADD,pipeline,256,16,1337,1351,1.9915533333333333,2.0020083703703704,0.005477153812872942,1.9941161481481482,0.0027466573689598492,2.013761,2.0252264,0.008341828484040137,2.0132102,0.004143545708262424,2.002287,2.02624,1.8444977777777778,0.7001266666666667,0.6392496296296296,,,3.1828837037037037,1.1895511111111112,raw/sweep/ADD_256MiB_16core_pipeline.json,v1-latched64,740e60f3966a30d58dd8e532f11666614786d21e218e6a6a07c1623565eaf1ac,268435456,134217728.0,805306368,404.360935015549,399.901660624076,291.0661744720635,419.9227399717493,191.7049219665013,67.39348916925816,91,12.737847658090818,0.7961154786306761,1.5944379168763485,2.065264894664392,0.5158006110579334
ADD,diagnostic,512,1,1352,1366,109.11843925925926,109.11927622222223,0.000513600089496899,109.11850785185185,4.706810050905426e-06,109.19219,109.2520437,0.02943922167902353,109.20391573333333,0.00026958027540799546,109.169433,109.257531,28.54903185185185,22.202813333333335,18.61361925925926,56.91860444444445,5.037231111111115,69.36545185185184,-39.753050370370374,raw/sweep/ADD_512MiB_1core_diagnostic.json,v1-latched64,740e60f3966a30d58dd8e532f11666614786d21e218e6a6a07c1623565eaf1ac,536870912,268435456.0,1610612736,14.760225191392951,14.750255819578305,37.610446111515024,28.84290822339326,12.090155061430652,2.460037531898825,92,1.0,1.0,,,
ADD,pipeline,512,1,1367,1381,50.7355,50.735664888888884,9.067425127593325e-05,50.735514913580246,1.7871948561157248e-06,50.809759,50.8962237,0.047862738872540174,50.81833733333333,0.0009418399220461215,50.752549,50.909572,28.289776296296296,21.21213703703704,18.805436296296296,,,68.30724666666666,17.57173185185185,raw/sweep/ADD_512MiB_1core_pipeline.json,v1-latched64,740e60f3966a30d58dd8e532f11666614786d21e218e6a6a07c1623565eaf1ac,536870912,268435456.0,1610612736,31.745281627262962,31.698885562515656,37.95511893604385,28.54870812573149,12.654804913399508,5.290880271210494,93,1.0,1.0,,2.150731524460373,0.5350419200969754
ADD,diagnostic,512,2,1382,1396,55.68284148148148,55.69730496296296,0.03566387452901146,55.67174760493827,0.0006406099334637729,55.764703,55.8035237,0.04192638744218649,55.75836266666666,0.0007519300323223234,55.678296,55.80976,14.26525111111111,11.101945925925927,10.453506666666666,28.459557037037037,2.515167407407402,35.80758222222222,-19.872887407407404,raw/sweep/ADD_512MiB_2core_diagnostic.json,v1-latched64,740e60f3966a30d58dd8e532f11666614786d21e218e6a6a07c1623565eaf1ac,536870912,268435456.0,1610612736,28.924758384243802,28.882297391595543,75.26974573645393,51.35797289075564,24.179135602987714,4.820793064040634,94,1.9596420792489357,0.9798210396244679,1.9596420792489357,,
ADD,pipeline,512,2,1397,1411,25.371252592592594,25.37135,0.00010535550212406867,25.371217580246913,4.152559954635151e-06,25.485866,25.5790483,0.05405738752896913,25.4932868,0.002120455787167041,25.424231,25.612026,14.155328148148149,10.600556296296297,9.408202222222222,,,34.16486148148148,8.793514814814813,raw/sweep/ADD_512MiB_2core_pipeline.json,v1-latched64,740e60f3966a30d58dd8e532f11666614786d21e218e6a6a07c1623565eaf1ac,536870912,268435456.0,1610612736,63.481798154113825,63.19631186948875,75.85425168264084,57.06413396726403,25.32277066381771,10.580299692352304,95,1.9997238928129535,0.9998619464064767,1.9997238928129535,2.1947218127393,0.5443613882199179
ADD,diagnostic,512,4,1412,1426,27.94674,28.03740874074074,0.09400229511718167,27.930027555555554,0.0033656356024068333,28.051932,28.1785183,0.09956531316238537,28.036276866666668,0.0035513029649369074,27.8746,28.189992,7.223045925925926,5.5509844444444445,5.243434074074074,14.229832592592592,1.2579496296296266,18.01022740740741,-9.936808888888887,raw/sweep/ADD_512MiB_4core_diagnostic.json,v1-latched64,740e60f3966a30d58dd8e532f11666614786d21e218e6a6a07c1623565eaf1ac,536870912,268435456.0,1610612736,57.63150678755376,57.415394276586724,148.65499056928073,102.38917938427687,48.35817118324958,9.605251131258958,96,3.90451405993183,0.9761285149829575,1.9924628590483715,,
ADD,pipeline,512,4,1427,1441,12.69351111111111,12.694147555555556,0.0005019253699640843,12.693436148148148,3.954211957313942e-05,12.760496,12.810349299999999,0.023985699003086444,12.768599666666667,0.0018784909566632283,12.732874,12.818897,7.454774814814815,5.30472,4.72988074074074,,,17.54172296296296,4.847516296296295,raw/sweep/ADD_512MiB_4core_pipeline.json,v1-latched64,740e60f3966a30d58dd8e532f11666614786d21e218e6a6a07c1623565eaf1ac,536870912,268435456.0,1610612736,126.88473046595986,126.21866234666741,144.03410574738774,113.50622593412818,50.60313381290624,21.14745507765998,97,3.996963452892817,0.9992408632232043,1.9987576621242469,2.20165561406703,0.5457963572455639
ADD,diagnostic,512,8,1442,1456,14.646381481481482,14.674107407407407,0.03986954596394782,14.637614666666666,0.0027237734338464493,14.73199,14.8551212,0.06514194977307698,14.750568666666666,0.0044162331124416076,14.636148,14.892651,3.7141807407407406,2.7755185185185187,3.1821318518518518,7.114944444444444,0.6282785185185173,9.678606666666667,-4.967722962962965,raw/sweep/ADD_512MiB_8core_diagnostic.json,v1-latched64,740e60f3966a30d58dd8e532f11666614786d21e218e6a6a07c1623565eaf1ac,536870912,268435456.0,1610612736,109.96659741769108,109.32757461822877,289.09250759451663,168.71422586954287,96.71542603984574,18.327766236281846,98,7.4501978114680325,0.9312747264335041,1.9080986000081424,,
ADD,pipeline,512,8,1457,1471,6.3482259259259255,6.348802666666667,0.0003737047996586681,6.34818162962963,5.886800685009245e-05,6.438885,6.5339425,0.06236153801235726,6.451809133333334,0.009665744401855563,6.391252,6.644504,4.635645185185185,2.6529992592592593,2.5842985185185183,,,9.881567407407408,3.5330311111111117,raw/sweep/ADD_512MiB_8core_pipeline.json,v1-latched64,740e60f3966a30d58dd8e532f11666614786d21e218e6a6a07c1623565eaf1ac,536870912,268435456.0,1610612736,253.71068307797864,250.13845347447577,231.62726677863853,207.74338109661107,101.18188124747142,42.28511384632977,99,7.992075359636785,0.9990094199545981,1.9995367618016349,2.3071613474980763,0.5665669411961949
ADD,diagnostic,512,16,1472,1486,8.203727407407408,8.229967703703704,0.02333495206523604,8.202782172839505,0.0028447606645585627,8.352406,8.4216636,0.06745279949360003,8.338489666666666,0.008089330585039205,8.21194,8.440376,2.1092725925925926,1.3877622222222221,2.224833333333333,3.5574814814814815,0.31398740740740605,5.719950370370371,-2.4837007407407405,raw/sweep/ADD_512MiB_16core_diagnostic.json,v1-latched64,740e60f3966a30d58dd8e532f11666614786d21e218e6a6a07c1623565eaf1ac,536870912,268435456.0,1610612736,196.32694457225946,192.83218943140457,509.0578751038624,241.30837306165256,193.43043909219162,32.72115742870991,100,13.3010805747559,0.8313175359222438,1.7853325389940182,,
ADD,pipeline,512,16,1487,1501,3.9976844444444444,4.005852740740741,0.005745596982457695,3.997269728395062,0.0014373803553068211,4.137428,4.1715391,0.04773733213843485,4.121168466666667,0.011583445938827715,4.042332,4.174351,3.690462222222222,1.3996162962962964,1.2726666666666666,,,6.361200740740741,2.3643807407407404,raw/sweep/ADD_512MiB_16core_pipeline.json,v1-latched64,740e60f3966a30d58dd8e532f11666614786d21e218e6a6a07c1623565eaf1ac,536870912,268435456.0,1610612736,402.8864104665034,389.27873451815964,290.9504987029628,421.8472331063384,191.79217669181287,67.14773507775057,101,12.691221807290665,0.7932013629556666,1.5879757429949262,2.0521198012034376,0.5126990152263218
ADD,diagnostic,1024,1,1502,1516,218.23789333333335,218.23875733333333,0.0008855583312455579,218.23773338271604,4.05776910124238e-06,218.325374,218.3853291,0.03149579174127405,218.32902046666666,0.0001442583843135167,218.290838,218.394595,57.09649037037037,44.40594,37.22719407407408,113.83834814814814,10.075944444444453,138.72958370370372,-79.50848148148151,raw/sweep/ADD_1024MiB_1core_diagnostic.json,v1-latched64,740e60f3966a30d58dd8e532f11666614786d21e218e6a6a07c1623565eaf1ac,1073741824,536870912.0,3221225472,14.760156555763428,14.754242317248933,37.61148249340408,28.842942658087143,12.090069751929583,2.460026092627238,102,1.0,1.0,,,
ADD,pipeline,1024,1,1517,1531,101.46614518518518,101.46651911111111,0.00021705752592628122,101.46615328395062,2.139211144812506e-06,101.580176,101.6719244,0.05097820970132708,101.58527893333333,0.0005018267433688124,101.523613,101.679784,56.536768888888886,42.414734814814814,37.57655777777778,,,136.52830592592593,35.06216592592594,raw/sweep/ADD_1024MiB_1core_pipeline.json,v1-latched64,740e60f3966a30d58dd8e532f11666614786d21e218e6a6a07c1623565eaf1ac,1073741824,536870912.0,3221225472,31.746800532541794,31.71116254021848,37.983841139213794,28.574778731728188,12.657651034340057,5.291133422090299,103,1.0,1.0,,2.1508444312635393,0.5350663276876152
ADD,diagnostic,1024,2,1532,1546,111.75785185185185,111.80209585185185,0.36993046241814637,111.63373762962964,0.003313787303668672,111.845233,111.9396652,0.3632102431274019,111.75486333333333,0.0032500620759925935,110.489744,111.951834,28.368953333333334,22.203934074074073,21.432911851851852,56.919315555555556,5.039917037037046,72.00249555555556,-39.75532,raw/sweep/ADD_1024MiB_2core_diagnostic.json,v1-latched64,740e60f3966a30d58dd8e532f11666614786d21e218e6a6a07c1623565eaf1ac,1073741824,536870912.0,3221225472,28.823258667051977,28.80073996537698,75.69837430261204,50.09780432177844,24.17908962479155,4.8038764445086635,104,1.9527745900362623,0.9763872950181312,1.9527745900362623,,
ADD,pipeline,1024,2,1547,1561,50.74474814814815,50.745508,0.0005178081957497141,50.744819160493826,1.0204158854365203e-05,50.827929,50.9689924,0.059862234258417295,50.867906133333335,0.0011768173453318152,50.812428,50.980772,28.339665185185186,21.202677037037038,18.833159259259258,,,68.3709562962963,17.625601481481482,raw/sweep/ADD_1024MiB_2core_pipeline.json,v1-latched64,740e60f3966a30d58dd8e532f11666614786d21e218e6a6a07c1623565eaf1ac,1073741824,536870912.0,3221225472,63.47899220222169,63.37510764996938,75.77660617961769,57.013367179598326,25.320902217309108,10.579832033703616,105,1.9995398319636362,0.9997699159818181,1.9995398319636362,2.2023530696334785,0.5459401974241929
ADD,diagnostic,1024,4,1562,1576,55.87422740740741,55.933675629629626,0.06917312394490782,55.847757679012346,0.0012386016345093684,55.95758,56.0152441,0.06856339712314904,55.935842066666666,0.0012257506920416489,55.810757,56.018616,14.34483037037037,11.102007407407408,10.547014814814816,28.45958074074074,2.516007407407411,36.00089407407407,-19.873661481481484,raw/sweep/ADD_1024MiB_4core_diagnostic.json,v1-latched64,740e60f3966a30d58dd8e532f11666614786d21e218e6a6a07c1623565eaf1ac,1073741824,536870912.0,3221225472,57.651364886218595,57.565489286706104,149.70435986720935,101.80528261814646,48.35800340412244,9.608560814369765,106,3.905877601529053,0.9764694003822633,2.000168181959251,,
ADD,pipeline,1024,4,1577,1591,25.384237037037035,25.38544896296296,0.0012981244513730703,25.384107802469135,5.113925852642339e-05,25.471224,25.5589127,0.041147064923388245,25.489494666666666,0.0016142754284257125,25.449189,25.563616,14.666302222222223,10.609336296296297,9.445903703703705,,,34.71328074074074,9.329315555555556,raw/sweep/ADD_1024MiB_4core_pipeline.json,v1-latched64,740e60f3966a30d58dd8e532f11666614786d21e218e6a6a07c1623565eaf1ac,1073741824,536870912.0,3221225472,126.89865239203566,126.46527987818726,146.42297802551457,113.672747222586,50.60362844633559,21.14977539867261,107,3.9972107507954777,0.9993026876988694,1.999065328381101,2.2011387352664475,0.5456896996186158
ADD,diagnostic,1024,8,1592,1606,29.30180962962963,29.335518074074074,0.027810500715703252,29.296685086419753,0.0009492712446362947,29.482047,29.611421099999998,0.08797737750034454,29.482227866666666,0.0029840817287696882,29.351625,29.665767,7.469329629629629,5.550983703703704,6.334815555555555,14.229803703703704,1.2563333333333357,19.3668237037037,-9.935182222222224,raw/sweep/ADD_1024MiB_8core_diagnostic.json,v1-latched64,740e60f3966a30d58dd8e532f11666614786d21e218e6a6a07c1623565eaf1ac,1073741824,536870912.0,3221225472,109.93264623297314,109.2605771912649,287.5068787272793,169.49851413721774,96.71635527263236,18.322107705495526,108,7.447932263973685,0.9309915329967107,1.9068524474648172,,
ADD,pipeline,1024,8,1607,1621,12.693732592592593,12.694654222222221,0.000732616424019705,12.693677827160494,5.7715063671470805e-05,12.709153,12.7176735,0.003952312445476333,12.710445333333332,0.0003109499582293419,12.707075,12.721926,8.511314074074074,5.305319259259259,4.966937777777778,,,18.785963703703704,6.092406666666667,raw/sweep/ADD_1024MiB_8core_pipeline.json,v1-latched64,740e60f3966a30d58dd8e532f11666614786d21e218e6a6a07c1623565eaf1ac,1073741824,536870912.0,3221225472,253.7650331376715,253.45713219441137,252.30929434754995,216.1778286822822,101.19483593056361,42.29417218961192,109,7.993404969346494,0.9991756211683117,1.999745689605118,2.3083682766981126,0.5667935614544145
ADD,diagnostic,1024,16,1622,1636,16.42582814814815,16.460166,0.02214115004173985,16.427583802469137,0.001347803201491624,16.501405,16.5868355,0.05977944428743299,16.502999199999998,0.003622338192165276,16.433586,16.682865,4.201724444444444,2.775506666666667,4.484003703703704,7.114929629629629,0.6278303703703694,11.458682962962962,-4.9672399999999985,raw/sweep/ADD_1024MiB_16core_diagnostic.json,v1-latched64,740e60f3966a30d58dd8e532f11666614786d21e218e6a6a07c1623565eaf1ac,1073741824,536870912.0,3221225472,196.10734039995188,195.20916382574697,511.09578374170184,239.4605122901904,193.43167805998183,32.68455673332531,110,13.28626425194504,0.830391515746565,1.783886289650067,,
ADD,pipeline,1024,16,1637,1651,7.965017777777778,7.970041185185186,0.005944707952864431,7.963430469135802,0.0007465008925367757,7.991645,8.089178200000001,0.03982094915003328,8.006658733333333,0.00497347900994589,7.963942,8.104525,7.374888148148148,2.799954074074074,2.5524525925925925,,,12.724518518518519,4.759088148148149,raw/sweep/ADD_1024MiB_16core_pipeline.json,v1-latched64,740e60f3966a30d58dd8e532f11666614786d21e218e6a6a07c1623565eaf1ac,1073741824,536870912.0,3221225472,404.42162991615004,403.0741445597246,291.18863972726666,420.67062366450165,191.74275641558143,67.403604986025,111,12.738972845518747,0.7961858028449217,1.5936854062030876,2.0622462631503278,0.5150918598478242
DIV,diagnostic,1,1,1652,1666,0.5851977777777778,0.5853525185185185,9.880136030817538e-05,0.5851962962962963,0.00016883456189570672,0.603764,1.2627225999999978,0.5460758599739295,0.7474244666666666,0.7306100941668346,0.596185,2.721034,0.05522592592592593,0.43127629629629627,0.036033333333333334,0.4856288888888889,0.008299259259259312,0.5225422222222222,-0.0626511111111111,raw/remeasure/DIV_1MiB_1core_diagnostic.json,v2-wrap-safe,d138f15304cadac2895abb787ebc95b6bf9607ba5b7fcbaf336a7ab700d8c4fe,1048576,524288.0,3145728,5.37549546402166,5.2101947118410505,37.97404868888739,29.100166512488435,1.2156661622780276,0.8959159106702766,112,1.0,1.0,,,
DIV,pipeline,1,1,1667,1681,0.48052,0.48056444444444446,4.04472352080995e-05,0.4805088888888889,8.417583138082669e-05,0.497207,0.5064105,0.00573208524344285,0.4978933333333333,0.011512677233630062,0.491042,0.512049,0.055102962962962965,0.43102814814814816,0.03605851851851852,,,0.5221888888888888,0.04169555555555554,raw/remeasure/DIV_1MiB_1core_pipeline.json,v2-wrap-safe,d138f15304cadac2895abb787ebc95b6bf9607ba5b7fcbaf336a7ab700d8c4fe,1048576,524288.0,3145728,6.546507949721136,6.326797490783516,38.05878826170536,29.079841410053618,1.216366036075671,1.0910846582868559,113,1.0,1.0,,1.2178427074373133,0.17887589760726663
DIV,diagnostic,1,2,1682,1696,0.2949585185185185,0.2951566666666667,0.0001210427186360158,0.2949970864197531,0.0004103183529880136,0.320653,0.40974429999999995,0.03920503575064718,0.33494073333333335,0.11705066553261019,0.305947,0.446733,0.02764,0.21563333333333334,0.02033037037037037,0.24279111111111112,0.004189629629629588,0.2636422222222222,-0.0313451851851852,raw/remeasure/DIV_1MiB_2core_diagnostic.json,v2-wrap-safe,d138f15304cadac2895abb787ebc95b6bf9607ba5b7fcbaf336a7ab700d8c4fe,1048576,524288.0,3145728,10.66498440458671,9.81038069190059,75.87380607814761,51.57682722436785,2.4313866130777555,1.7774974007644515,114,1.9840002611792245,0.9920001305896122,1.9840002611792245,,
DIV,pipeline,1,2,1697,1711,0.24111185185185185,0.2411774814814815,3.2262234679746356e-05,0.241118024691358,0.00013380266664445132,0.25259,0.29883509999999996,0.019124291812098192,0.2624528,0.07286754727744643,0.250458,0.315962,0.027597777777777777,0.21551925925925927,0.018033333333333332,,,0.26115999999999995,0.020047407407407347,raw/remeasure/DIV_1MiB_2core_pipeline.json,v2-wrap-safe,d138f15304cadac2895abb787ebc95b6bf9607ba5b7fcbaf336a7ab700d8c4fe,1048576,524288.0,3145728,13.04675807447596,12.453889702680234,75.98988646428859,58.146543438077636,2.4326735429677164,2.1744596790793267,115,1.9929339694808925,0.9964669847404463,1.9929339694808925,1.2233265028371647,0.1825567436977954
DIV,diagnostic,1,4,1712,1726,0.1488414814814815,0.14905037037037036,0.00023175153207134224,0.14877283950617284,0.0015577543108043351,0.164926,0.20589009999999996,0.019508401477556378,0.17279993333333332,0.11289588543951819,0.158786,0.228946,0.013842962962962963,0.1078125925925926,0.011491111111111112,0.12138814814814815,0.0021466666666666735,0.13312074074074073,-0.015720740740740757,raw/remeasure/DIV_1MiB_4core_diagnostic.json,v2-wrap-safe,d138f15304cadac2895abb787ebc95b6bf9607ba5b7fcbaf336a7ab700d8c4fe,1048576,524288.0,3145728,21.134753354301868,19.073572390041598,151.4958904109589,91.25105395474763,4.862956982967701,3.522458892383644,116,3.9316847155313135,0.9829211788828284,1.9816956642911174,,
DIV,pipeline,1,4,1727,1741,0.12140962962962963,0.12148348148148148,3.5600574086693146e-05,0.12141787654320987,0.00029320702272390433,0.136092,0.7414120999999999,0.21651145915528902,0.22240686666666667,0.9734926911217475,0.132065,0.785503,0.013931851851851852,0.10774814814814815,0.009025925925925925,,,0.13071925925925926,0.009262962962962973,raw/remeasure/DIV_1MiB_4core_pipeline.json,v2-wrap-safe,d138f15304cadac2895abb787ebc95b6bf9607ba5b7fcbaf336a7ab700d8c4fe,1048576,524288.0,3145728,25.91003703409944,23.114716515298475,150.52930667800936,116.17378744357818,4.8658655300426235,4.318339505683239,117,3.9578409181040004,0.9894602295260001,1.9859368040853431,1.225944613582424,0.18430246446629783
DIV,diagnostic,1,8,1742,1756,0.07633185185185185,0.07658666666666666,0.00013698539472138484,0.07633708641975309,0.001794480260461425,0.096482,0.14422839999999998,0.023100751532198708,0.10591393333333333,0.21810871152802724,0.086768,0.167516,0.007136296296296296,0.053903703703703704,0.007305925925925926,0.06069481481481481,0.001175555555555546,0.06835111111111111,-0.00796444444444444,raw/remeasure/DIV_1MiB_8core_diagnostic.json,v2-wrap-safe,d138f15304cadac2895abb787ebc95b6bf9607ba5b7fcbaf336a7ab700d8c4fe,1048576,524288.0,3145728,41.21121030975856,32.60429924752803,293.87120614490345,143.52403933894354,9.726381750721451,6.868535051626427,118,7.66649522552597,0.9583119031907462,1.9499262479621151,,
DIV,pipeline,1,8,1757,1771,0.06194444444444445,0.06196392592592592,1.5050679730501242e-05,0.06194182716049383,0.00024298088094018132,0.080157,0.1048071,0.010750621641826778,0.08437359999999999,0.12741688919077507,0.074056,0.107388,0.008211111111111112,0.05389777777777778,0.004943703703703704,,,0.06708444444444445,0.005131851851851853,raw/remeasure/DIV_1MiB_8core_pipeline.json,v2-wrap-safe,d138f15304cadac2895abb787ebc95b6bf9607ba5b7fcbaf336a7ab700d8c4fe,1048576,524288.0,3145728,50.7830529147982,39.24458250683034,255.4041677943166,212.10332634102488,9.727451142079657,8.463842152466368,119,7.757273542600896,0.969659192825112,1.9599760837070253,1.2322630792227203,0.18848497787438845
DIV,diagnostic,1,16,1772,1786,0.04072074074074074,0.040851185185185185,6.732025297713363e-05,0.04073051851851852,0.0016528209172325128,0.068789,0.18801049999999986,0.0605995865365433,0.0902044,0.6718030000370636,0.05271,0.285958,0.004214074074074074,0.02694962962962963,0.00548,0.030347407407407406,0.0006674074074074013,0.036654074074074075,-0.004063703703703701,raw/remeasure/DIV_1MiB_16core_diagnostic.json,v2-wrap-safe,d138f15304cadac2895abb787ebc95b6bf9607ba5b7fcbaf336a7ab700d8c4fe,1048576,524288.0,3145728,77.25124697578812,45.730102196572126,497.65428018984,191.34598540145987,19.45436754439008,12.87520782929802,120,14.37100030924272,0.89818751932767,1.8745202190166081,,
DIV,pipeline,1,16,1787,1801,0.03283037037037037,0.03287651851851852,3.138312262019629e-05,0.032828246913580245,0.00095597924259592,0.124475,0.2751562999999998,0.0886217828502247,0.14049946666666666,0.6307624146394722,0.045934,0.398917,0.0065703703703703705,0.02694,0.003491851851851852,,,0.03704074074074074,0.004194074074074072,raw/remeasure/DIV_1MiB_16core_pipeline.json,v2-wrap-safe,d138f15304cadac2895abb787ebc95b6bf9607ba5b7fcbaf336a7ab700d8c4fe,1048576,524288.0,3145728,95.81762144355949,25.271966258284795,319.18322435174747,300.2922358930844,19.461321455085375,15.96960357392658,121,14.636447733580018,0.9147779833487512,1.8868030955980235,1.240337537510435,0.19376784967165694
DIV,diagnostic,2,1,1802,1816,1.1702444444444444,1.1707155555555555,0.00021264214159968107,1.1702885925925925,0.0001817006018392484,1.18888,1.2058259,0.008990507897618606,1.1906524,0.007550908978656244,1.179995,1.214438,0.1103637037037037,0.862562962962963,0.07201703703703703,0.9713333333333334,0.0165325925925925,1.044937037037037,-0.12529999999999997,raw/remeasure/DIV_2MiB_1core_diagnostic.json,v2-wrap-safe,d138f15304cadac2895abb787ebc95b6bf9607ba5b7fcbaf336a7ab700d8c4fe,2097152,1048576.0,6291456,5.376189590019179,5.291918444250051,38.004378787980485,29.120220523950096,1.215651546639644,0.8960315983365299,122,1.0,1.0,,,
DIV,pipeline,2,1,1817,1831,0.9592488888888889,0.9593254074074073,4.9856125878452246e-05,0.9592519012345679,5.1973966185823404e-05,0.987768,0.9975239,0.008043052750222206,0.9879096,0.008141486579563763,0.975682,1.00692,0.11004888888888889,0.8620622222222222,0.07211333333333333,,,1.0442318518518519,0.08497333333333335,raw/remeasure/DIV_2MiB_1core_pipeline.json,v2-wrap-safe,d138f15304cadac2895abb787ebc95b6bf9607ba5b7fcbaf336a7ab700d8c4fe,2097152,1048576.0,6291456,6.558731600187183,6.369366085963505,38.11309720932111,29.081334935749283,1.2163576746200326,1.0931219333645306,123,1.0,1.0,,1.219959134693348,0.18030041206965308
DIV,diagnostic,2,2,1832,1846,0.5913807407407408,0.591840962962963,0.00037587720555524594,0.5913222716049382,0.0006356554177048976,0.613943,0.6650377999999999,0.031649480245487825,0.6226676666666667,0.050828848099528465,0.600421,0.731241,0.05568962962962963,0.431277037037037,0.041734814814814815,0.48561481481481483,0.008295555555555563,0.5287170370370371,-0.0626296296296297,raw/remeasure/DIV_2MiB_2core_diagnostic.json,v2-wrap-safe,d138f15304cadac2895abb787ebc95b6bf9607ba5b7fcbaf336a7ab700d8c4fe,2097152,1048576.0,6291456,10.638587912280613,10.247622336275517,75.315710086325,50.24946221291399,2.43132814861634,1.773097985380102,124,1.9788342159716619,0.9894171079858309,1.9788342159716619,,
DIV,pipeline,2,2,1847,1861,0.48045629629629627,0.48052185185185187,4.174657045497174e-05,0.48046167901234565,8.688844975272013e-05,0.513772,0.5518995,0.01911029167303763,0.5187356,0.03684013912489837,0.49197,0.559547,0.055028148148148145,0.43104592592592594,0.03606814814814815,,,0.5221192592592593,0.04165555555555556,raw/remeasure/DIV_2MiB_2core_pipeline.json,v2-wrap-safe,d138f15304cadac2895abb787ebc95b6bf9607ba5b7fcbaf336a7ab700d8c4fe,2097152,1048576.0,6291456,13.094751902512428,12.245618679102794,76.22106396726255,58.14415509734659,2.432631738132226,2.182458650418738,125,1.9965372423745331,0.9982686211872666,1.9965372423745331,1.2308731206137378,0.1875685777414815
DIV,diagnostic,2,4,1862,1876,0.2961377777777778,0.2967688888888889,0.0003767361370039904,0.2961785679012346,0.0012719898663620353,0.313441,0.33506959999999997,0.010462178766986395,0.31750853333333334,0.032950858539612146,0.307412,0.339222,0.02766074074074074,0.21563333333333334,0.021522222222222224,0.24279037037037038,0.004200740740740741,0.2647918518518519,-0.031368148148148145,raw/remeasure/DIV_2MiB_4core_diagnostic.json,v2-wrap-safe,d138f15304cadac2895abb787ebc95b6bf9607ba5b7fcbaf336a7ab700d8c4fe,2097152,1048576.0,6291456,21.245030091098737,20.07221773794749,151.63382786138934,97.44123902942695,4.862773226155511,3.5408383485164565,126,3.951689153697228,0.987922288424307,1.9969783834351378,,
DIV,pipeline,2,4,1877,1891,0.24109407407407407,0.24116837037037037,4.157849577598317e-05,0.24110622222222222,0.00017244887084523765,0.254238,0.2618616,0.004491671216182873,0.2548952,0.017621639074344567,0.250113,0.266917,0.027446666666666668,0.21551555555555554,0.018248888888888887,,,0.26122370370370374,0.020142962962962974,raw/remeasure/DIV_2MiB_4core_pipeline.json,v2-wrap-safe,d138f15304cadac2895abb787ebc95b6bf9607ba5b7fcbaf336a7ab700d8c4fe,2097152,1048576.0,6291456,26.09544023079972,24.746324310291932,152.81651688122417,114.91943497320995,4.8654306984801305,4.34924003846662,127,3.9787327522374856,0.9946831880593714,1.9928166967251142,1.2283079910408417,0.18587194148869646
DIV,diagnostic,2,8,1892,1906,0.1508162962962963,0.1513496296296296,0.0002776426714348897,0.15086024691358024,0.001840396506801002,0.168434,0.2470543,0.033312051765232414,0.18616966666666668,0.17893383149724934,0.162314,0.251794,0.014048148148148148,0.10781555555555555,0.013125185185185186,0.12139481481481482,0.0021985185185185146,0.13500814814814815,-0.01577555555555557,raw/remeasure/DIV_2MiB_8core_diagnostic.json,v2-wrap-safe,d138f15304cadac2895abb787ebc95b6bf9607ba5b7fcbaf336a7ab700d8c4fe,2097152,1048576.0,6291456,41.71602243592892,37.3526485151454,298.56632744529395,159.78075512162087,9.725646680544964,6.952670405988153,128,7.75940314928144,0.96992539366018,1.9635661732203022,,
DIV,pipeline,2,8,1907,1921,0.1218562962962963,0.12191155555555555,2.908332343690993e-05,0.1218602962962963,0.00023866119089515015,0.156309,0.20508519999999997,0.023935795034295593,0.16011493333333332,0.1494913343558352,0.136607,0.226718,0.016105925925925926,0.10782296296296297,0.00991925925925926,,,0.1340725925925926,0.012193333333333348,raw/remeasure/DIV_2MiB_8core_pipeline.json,v2-wrap-safe,d138f15304cadac2895abb787ebc95b6bf9607ba5b7fcbaf336a7ab700d8c4fe,2097152,1048576.0,6291456,51.630126560733345,40.250119954705106,260.41992365358965,211.42223881711595,9.724978531337376,8.605021093455559,129,7.871968195688911,0.9839960244611139,1.9785114220757904,1.2376569851555568,0.1920216893743677
DIV,diagnostic,2,16,1922,1936,0.07900814814814815,0.07951585185185185,0.0003307553059907697,0.0790032098765432,0.004186605917754919,0.114164,0.17084729999999995,0.029177828343257,0.1216556,0.23983958275046113,0.092433,0.200822,0.007885925925925926,0.053902962962962965,0.009254814814814815,0.06069555555555556,0.001190370370370366,0.07103111111111111,-0.007980000000000001,raw/remeasure/DIV_2MiB_16core_diagnostic.json,v2-wrap-safe,d138f15304cadac2895abb787ebc95b6bf9607ba5b7fcbaf336a7ab700d8c4fe,2097152,1048576.0,6291456,79.63047036873834,55.108931011527275,531.8721021980086,226.60118456859294,19.45303082356498,13.27174506145639,130,14.811693121197063,0.9257308200748164,1.9088701587271826,,
DIV,pipeline,2,16,1937,1951,0.06282592592592592,0.06290044444444444,5.485055320013515e-05,0.0628162962962963,0.0008731898636846117,0.106731,0.1864069,0.0386054721007762,0.12179013333333333,0.3169835769463772,0.077976,0.190637,0.01149037037037037,0.053913333333333334,0.007772592592592592,,,0.07327259259259258,0.010473333333333334,raw/remeasure/DIV_2MiB_16core_pipeline.json,v2-wrap-safe,d138f15304cadac2895abb787ebc95b6bf9607ba5b7fcbaf336a7ab700d8c4fe,2097152,1048576.0,6291456,100.1410788186052,58.946847682491494,365.02774626095925,269.8137043743448,19.4492889823173,16.690179803100868,131,15.268360549431115,0.9542725343394447,1.9395861581088252,1.2575723633791194,0.2048171309100797
DIV,diagnostic,4,1,1952,1966,2.340668148148148,2.340952666666667,0.00027587794760606344,2.3405977777777776,0.00011786644857365836,2.383361,2.4690652,0.0442809808470968,2.4004210666666665,0.01844717223240645,2.354081,2.483397,0.22091185185185186,1.7251311111111112,0.14405407407407408,1.9426696296296295,0.03298222222222219,2.0901207407407405,-0.2505503703703704,raw/remeasure/DIV_4MiB_1core_diagnostic.json,v2-wrap-safe,d138f15304cadac2895abb787ebc95b6bf9607ba5b7fcbaf336a7ab700d8c4fe,4194304,2097152.0,12582912,5.375777856401877,5.2794822102065115,37.972648047989644,29.116177567065865,1.2156478927849605,0.8959629760669794,132,1.0,1.0,,,
DIV,pipeline,4,1,1967,1981,1.9168340740740741,1.9169150370370371,5.63602161951013e-05,1.9168373827160494,2.940271131150525e-05,1.958652,2.0207108,0.03265961738075243,1.9687282,0.016589195695349127,1.92862,2.024446,0.21994962962962963,1.724182962962963,0.14422518518518518,,,2.088382222222222,0.17156222222222217,raw/remeasure/DIV_4MiB_1core_pipeline.json,v2-wrap-safe,d138f15304cadac2895abb787ebc95b6bf9607ba5b7fcbaf336a7ab700d8c4fe,4194304,2097152.0,12582912,6.5644242087454385,6.424271386647551,38.1387684722428,29.08163365929822,1.216316391617801,1.094070701457573,133,1.0,1.0,,1.221111508714601,0.1810739700155256
DIV,diagnostic,4,2,1982,1996,1.1809422222222221,1.1812642222222223,0.0018803103633475704,1.1804721481481482,0.0015928460203803074,1.195184,1.1999008,0.003662958980829322,1.1955872666666667,0.0030637320109988806,1.191242,1.199933,0.11097703703703704,0.8625533333333333,0.08232518518518518,0.9712177777777777,0.016511851851851958,1.0557703703703702,-0.12517629629629634,raw/remeasure/DIV_4MiB_2core_diagnostic.json,v2-wrap-safe,d138f15304cadac2895abb787ebc95b6bf9607ba5b7fcbaf336a7ab700d8c4fe,4194304,2097152.0,12582912,10.654976817004878,10.528012423191743,75.58868234336099,50.948005650581706,2.4313302365844045,1.7758294695008132,134,1.9820344332711106,0.9910172166355553,1.9820344332711106,,
DIV,pipeline,4,2,1997,2011,0.959262962962963,0.9594067407407407,7.622537413591976e-05,0.9592866666666666,7.946047493893355e-05,0.983451,1.0728895999999999,0.03753159634317017,1.0049932666666666,0.037345122189379354,0.973828,1.074655,0.11000962962962962,0.8620859259259259,0.07211703703703704,,,1.0442207407407407,0.08496370370370365,raw/remeasure/DIV_4MiB_2core_pipeline.json,v2-wrap-safe,d138f15304cadac2895abb787ebc95b6bf9607ba5b7fcbaf336a7ab700d8c4fe,4194304,2097152.0,12582912,13.117270744128401,12.794650674004094,76.2533973456869,58.159682820107236,2.4326484598940037,2.1862117906880667,135,1.9982363002459451,0.9991181501229726,1.9982363002459451,1.2310933162420221,0.18771389072880906
DIV,diagnostic,4,4,2012,2026,0.5923651851851852,0.5929451851851851,0.0003544106861862147,0.5924170864197531,0.0005982452132298889,0.629881,0.6567679,0.016664928603278825,0.6310759333333333,0.026407168651250777,0.607562,0.657064,0.05548740740740741,0.43127333333333334,0.04292296296296296,0.4855962962962963,0.008313333333333325,0.5297511111111111,-0.06263925925925928,raw/remeasure/DIV_4MiB_4core_diagnostic.json,v2-wrap-safe,d138f15304cadac2895abb787ebc95b6bf9607ba5b7fcbaf336a7ab700d8c4fe,4194304,2097152.0,12582912,21.24181554671605,19.976649557614852,151.18039194745555,97.71701929382529,4.862698056916726,3.540302591119342,136,3.951393847388935,0.9878484618472337,1.9936050459363779,,
DIV,pipeline,4,4,2027,2041,0.4805377777777778,0.480611037037037,3.974291937860171e-05,0.48054004938271605,8.270469741211787e-05,0.505906,0.5201559,0.009672077741032252,0.5060556,0.0191126780160762,0.492143,0.53371,0.055498518518518516,0.4310585185185185,0.03630888888888889,,,0.5228392592592593,0.04227777777777775,raw/remeasure/DIV_4MiB_4core_pipeline.json,v2-wrap-safe,d138f15304cadac2895abb787ebc95b6bf9607ba5b7fcbaf336a7ab700d8c4fe,4194304,2097152.0,12582912,26.185063031233526,24.872035516479347,151.15012479478932,115.51727767917254,4.865121346418549,4.364177171872255,137,3.988935236139757,0.9972338090349393,1.996227991478683,1.2327130406365707,0.1887811947834982
DIV,diagnostic,4,8,2042,2056,0.29963185185185187,0.3005308148148148,0.0006158717885767459,0.2996962962962963,0.002054986318442391,0.339812,0.4311642,0.04195331913459916,0.35705546666666665,0.11749804456506242,0.310509,0.431874,0.02789925925925926,0.21563333333333334,0.02452814814814815,0.24279851851851852,0.004248148148148105,0.2682296296296296,-0.03140962962962962,raw/remeasure/DIV_4MiB_8core_diagnostic.json,v2-wrap-safe,d138f15304cadac2895abb787ebc95b6bf9607ba5b7fcbaf336a7ab700d8c4fe,4194304,2097152.0,12582912,41.994574082268855,37.02903958659494,300.6749362786746,170.99961948479447,9.725546452311022,6.999095680378143,138,7.811813509417728,0.976476688677216,1.9769766849689618,,
DIV,pipeline,4,8,2057,2071,0.24165851851851852,0.24170592592592594,3.349738193714062e-05,0.24165664197530864,0.000138615606272321,0.269284,0.31962439999999986,0.03367184259642016,0.2760111333333333,0.1219945086626463,0.253299,0.387824,0.03252740740740741,0.21568222222222222,0.02037111111111111,,,0.26868666666666663,0.026989629629629586,raw/remeasure/DIV_4MiB_8core_pipeline.json,v2-wrap-safe,d138f15304cadac2895abb787ebc95b6bf9607ba5b7fcbaf336a7ab700d8c4fe,4194304,2097152.0,12582912,52.06897765135376,46.72729163262577,257.89353251958465,205.8947092832988,9.723341953697313,8.678162941892294,139,7.93199464196494,0.9914993302456175,1.9884992290927817,1.2398977436787142,0.19348187776110448
DIV,diagnostic,4,16,2072,2086,0.1539985185185185,0.15414525925925926,0.00027640632162548285,0.1538877037037037,0.0017961559953982888,0.21466,0.2536697,0.02797823022790602,0.2085484,0.13415701212718975,0.167473,0.257463,0.014668148148148149,0.10781407407407408,0.01567851851851852,0.12138666666666667,0.002209629629629631,0.13822666666666666,-0.015784444444444462,raw/remeasure/DIV_4MiB_16core_diagnostic.json,v2-wrap-safe,d138f15304cadac2895abb787ebc95b6bf9607ba5b7fcbaf336a7ab700d8c4fe,4194304,2097152.0,12582912,81.70800681103233,58.61787012019007,571.8927785072215,267.51915335916095,19.45156064280758,13.618001135172056,140,15.199290036460187,0.9499556272787617,1.9456800931225893,,
DIV,pipeline,4,16,2087,2101,0.12278962962962962,0.12282992592592593,3.909786799468291e-05,0.12278641975308642,0.0003184217609187202,0.17962,0.23793139999999996,0.03290182604456274,0.18469993333333334,0.1781366427738978,0.145463,0.273098,0.027486666666666666,0.10786074074074074,0.016297037037037037,,,0.15152074074074073,0.028697777777777767,raw/remeasure/DIV_4MiB_16core_pipeline.json,v2-wrap-safe,d138f15304cadac2895abb787ebc95b6bf9607ba5b7fcbaf336a7ab700d8c4fe,4194304,2097152.0,12582912,102.47536406742034,70.05295624095312,305.1882609750182,257.36604699786375,19.44314479575859,17.079227344570057,141,15.610716310944344,0.9756697694340215,1.9680694472931723,1.2541655104183005,0.20265707221810692
DIV,diagnostic,8,1,2102,2116,4.681224444444444,4.681911185185185,0.0004701684078076208,4.68128024691358,0.00010043586006576044,4.722198,4.7989352,0.04121861793043568,4.742497333333334,0.008691331809661676,4.694607,4.805959,0.44195851851851853,3.450263703703704,0.2881459259259259,3.885257037037037,0.06588074074074057,4.1803592592592596,-0.5008651851851846,raw/remeasure/DIV_8MiB_1core_diagnostic.json,v2-wrap-safe,d138f15304cadac2895abb787ebc95b6bf9607ba5b7fcbaf336a7ab700d8c4fe,8388608,4194304.0,25165824,5.375906303716359,5.329260653619353,37.96106488961592,29.112360249564908,1.215647370807513,0.8959843839527266,142,1.0,1.0,,,
DIV,pipeline,8,1,2117,2131,3.832034814814815,3.8321514074074075,7.049705481602081e-05,3.8320491358024693,1.8396699081275746e-05,3.899222,3.937137,0.03450560537210201,3.8954133333333334,0.008858008745011742,3.851235,3.949345,0.4403962962962963,3.4483703703703705,0.28851333333333334,,,4.177271111111112,0.3452362962962967,raw/remeasure/DIV_8MiB_1core_pipeline.json,v2-wrap-safe,d138f15304cadac2895abb787ebc95b6bf9607ba5b7fcbaf336a7ab700d8c4fe,8388608,4194304.0,25165824,6.567222172071042,6.454062887417028,38.09572455784773,29.075287104004435,1.2163148239640837,1.0945370286785068,143,1.0,1.0,,1.221602796077589,0.18140331439083746
DIV,diagnostic,8,2,2132,2146,2.3591955555555555,2.360021555555556,0.0005760416052864934,2.3591367407407406,0.00024417474211589076,2.38511,2.4849305,0.04519723017566874,2.4076445333333334,0.018772385021926026,2.369227,2.534046,0.22100962962962964,1.7251074074074073,0.16271925925925926,1.9423444444444444,0.0329459259259261,2.1089718518518517,-0.25017259259259284,raw/remeasure/DIV_8MiB_2core_diagnostic.json,v2-wrap-safe,d138f15304cadac2895abb787ebc95b6bf9607ba5b7fcbaf336a7ab700d8c4fe,8388608,4194304.0,25165824,10.667120807657602,10.551221536952173,75.91169682567877,51.552643726299785,2.4313291925999243,1.7778534679429336,144,1.9842460424363106,0.9921230212181553,1.9842460424363106,,
DIV,pipeline,8,2,2147,2161,1.9168740740740742,1.9170036296296296,7.0981363113597e-05,1.9168802962962963,3.7029627385050474e-05,1.960676,2.0235469999999998,0.03374589921682896,1.9773273333333334,0.017066420237028177,1.938,2.024618,0.22021925925925925,1.7241896296296297,0.14431185185185186,,,2.0886762962962964,0.17179851851851868,raw/remeasure/DIV_8MiB_2core_pipeline.json,v2-wrap-safe,d138f15304cadac2895abb787ebc95b6bf9607ba5b7fcbaf336a7ab700d8c4fe,8388608,4194304.0,25165824,13.128574453778914,12.835279260826368,76.18414509445132,58.12833729423419,2.4326233773375447,2.1880957422964857,145,1.9991061836786743,0.9995530918393372,1.9991061836786743,1.2307514549150236,0.18748826498925864
DIV,diagnostic,8,4,2162,2176,1.1829177777777777,1.1835357777777777,0.0005225241100225916,1.1827817283950617,0.0004417756019376578,1.207907,1.277162,0.02704381532008134,1.2173340666666668,0.022215607088145788,1.194466,1.290049,0.11084444444444444,0.862554074074074,0.08433407407407408,0.9712185185185185,0.01652814814814818,1.0577251851851852,-0.12521111111111116,raw/remeasure/DIV_8MiB_4core_diagnostic.json,v2-wrap-safe,d138f15304cadac2895abb787ebc95b6bf9607ba5b7fcbaf336a7ab700d8c4fe,8388608,4194304.0,25165824,21.274364518619688,20.83423972209781,151.35820368885325,99.46878639625474,4.86265629723268,3.5457274197699475,146,3.9573540379438414,0.9893385094859604,1.9943867611724682,,
DIV,pipeline,8,4,2177,2191,0.9590911111111111,0.9591670370370371,4.47089717499894e-05,0.9590996543209876,4.661556445001739e-05,0.984285,0.9990662,0.00865781974754339,0.9863307333333333,0.008777805917376251,0.974704,1.009212,0.11003555555555555,0.86206,0.07228,,,1.0444303703703706,0.08528592592592588,raw/remeasure/DIV_8MiB_4core_pipeline.json,v2-wrap-safe,d138f15304cadac2895abb787ebc95b6bf9607ba5b7fcbaf336a7ab700d8c4fe,8388608,4194304.0,25165824,26.23924224555192,25.56761913470184,152.47086194361418,116.05711123408966,4.865443240609702,4.37320704092532,147,3.995485695175911,0.9988714237939778,1.99863605435084,1.2333737265142228,0.1892157433690328
DIV,diagnostic,8,8,2192,2206,0.5954414814814815,0.5967173333333333,0.0008457418233860813,0.5955684444444445,0.0014200581499495032,0.685169,0.7862863999999998,0.06772889459504464,0.6843859333333333,0.09896301384391103,0.615685,0.875556,0.05550148148148148,0.43127185185185185,0.0462162962962963,0.4855659259259259,0.00836,0.5327585185185185,-0.06266444444444441,raw/remeasure/DIV_8MiB_8core_diagnostic.json,v2-wrap-safe,d138f15304cadac2895abb787ebc95b6bf9607ba5b7fcbaf336a7ab700d8c4fe,8388608,4194304.0,25165824,42.26414313189343,36.72936749911336,302.28411120156954,181.5075778946019,9.725429521982353,7.0440238553155705,148,7.8617707869417774,0.9827213483677222,1.986623059640777,,
DIV,pipeline,8,8,2207,2221,0.4813474074074074,0.4813860740740741,3.5255346365960524e-05,0.4813395555555556,7.324423259848089e-05,0.545708,0.6036529,0.04184330312430392,0.5457219333333333,0.07667513539124246,0.495482,0.608198,0.06573407407407407,0.43138,0.03994518518518519,,,0.5374311111111111,0.05606518518518516,raw/remeasure/DIV_8MiB_8core_pipeline.json,v2-wrap-safe,d138f15304cadac2895abb787ebc95b6bf9607ba5b7fcbaf336a7ab700d8c4fe,8388608,4194304.0,25165824,52.282039152440916,46.11591547127768,255.22860459088812,210.0029818640359,9.722991330149753,8.713673192073484,149,7.961058387027773,0.9951322983784716,1.992513299857345,1.237030619295527,0.19161257255743014
DIV,diagnostic,8,16,2222,2236,0.3021688888888889,0.30337237037037035,0.0007682026107476113,0.3022601975308642,0.0025415275217279282,0.359192,0.40668899999999997,0.029949743208216244,0.36575766666666665,0.0818841160081846,0.324727,0.418134,0.028457777777777776,0.2156325925925926,0.02668814814814815,0.24278,0.004264444444444442,0.27078444444444444,-0.03141333333333335,raw/remeasure/DIV_8MiB_16core_diagnostic.json,v2-wrap-safe,d138f15304cadac2895abb787ebc95b6bf9607ba5b7fcbaf336a7ab700d8c4fe,8388608,4194304.0,25165824,83.2839677590163,70.06231764627275,589.5476495392785,314.3195981015293,19.4511597229856,13.880661293169384,150,15.492079484614932,0.9682549677884332,1.9705585299366555,,
DIV,pipeline,8,16,2237,2251,0.24258592592592593,0.24264,3.649214698301057e-05,0.24259417283950618,0.00015042466418660764,0.295912,0.37698149999999997,0.03978950089886719,0.3049672666666667,0.1304713824987573,0.261919,0.390929,0.053702962962962966,0.21572222222222223,0.03055333333333333,,,0.30016296296296296,0.05756,raw/remeasure/DIV_8MiB_16core_pipeline.json,v2-wrap-safe,d138f15304cadac2895abb787ebc95b6bf9607ba5b7fcbaf336a7ab700d8c4fe,8388608,4194304.0,25165824,103.73983529318363,85.04495931222796,312.4076414847101,274.5562295439668,19.443078032449137,17.28997254886394,151,15.796608151063694,0.9872880094414809,1.9842346812584162,1.2456159100555435,0.19718430703457468
DIV,diagnostic,16,1,2252,2266,9.361628148148148,9.362513185185186,0.0004734669116783714,9.361772049382717,5.057449692011996e-05,9.415341,9.528552,0.043918685128422404,9.426032466666667,0.004659297035495295,9.380204,9.531387,0.8829896296296297,6.900542222222223,0.5762422222222222,7.7707296296296295,0.13171555555555636,8.359774074074075,-1.0018933333333333,raw/remeasure/DIV_16MiB_1core_diagnostic.json,v2-wrap-safe,d138f15304cadac2895abb787ebc95b6bf9607ba5b7fcbaf336a7ab700d8c4fe,16777216,8388608.0,50331648,5.376377613327469,5.3457063318259,38.00093554221517,29.11486759040373,1.2156447609269996,0.8960629355545783,152,1.0,1.0,,,
DIV,pipeline,16,1,2267,2281,7.6622348148148145,7.662401555555555,0.0001052309560847869,7.662248987654321,1.3733690494049285e-05,7.725209,7.8006155999999995,0.043954241817079305,7.736503,0.005681409522762327,7.682884,7.832894,0.8800296296296296,6.896798518518518,0.5769266666666667,,,8.353692592592592,0.6915148148148145,raw/remeasure/DIV_16MiB_1core_pipeline.json,v2-wrap-safe,d138f15304cadac2895abb787ebc95b6bf9607ba5b7fcbaf336a7ab700d8c4fe,16777216,8388608.0,50331648,6.56879477286242,6.515247419196037,38.12875256725363,29.080326789077755,1.2163046343134194,1.094799128810403,153,1.0,1.0,,1.2217882085847307,0.18152754055601916
DIV,diagnostic,16,2,2282,2296,4.7312081481481485,4.7332920740740745,0.0010932671387981507,4.731535604938272,0.00023105968761116688,4.760982,4.8619657,0.046855537023005885,4.787128,0.009787817878069248,4.742504,4.869574,0.44730148148148147,3.4502333333333333,0.33301185185185184,3.8848992592592593,0.06577777777777843,4.23076962962963,-0.5004385185185187,raw/remeasure/DIV_16MiB_2core_diagnostic.json,v2-wrap-safe,d138f15304cadac2895abb787ebc95b6bf9607ba5b7fcbaf336a7ab700d8c4fe,16777216,8388608.0,50331648,10.638223139622468,10.571694662991794,75.01524897450886,50.380236939626215,2.4313161428695644,1.7730371899370778,154,1.9786971646581224,0.9893485823290612,1.9786971646581224,,
DIV,pipeline,16,2,2297,2311,3.831920740740741,3.831995703703704,6.818954344324464e-05,3.8319081481481483,1.7795192579498204e-05,3.876815,3.9150958,0.022974661270522303,3.8833997333333334,0.00591612062835517,3.852894,3.924543,0.4401311111111111,3.4484,0.2885037037037037,,,4.177038518518518,0.3451066666666667,raw/remeasure/DIV_16MiB_2core_pipeline.json,v2-wrap-safe,d138f15304cadac2895abb787ebc95b6bf9607ba5b7fcbaf336a7ab700d8c4fe,16777216,8388608.0,50331648,13.134835348987538,12.98273144320789,76.23735553547175,58.152515148403,2.432608746085141,2.1891392248312567,155,1.9995807150577032,0.9997903575288516,1.9995807150577032,1.2346831963005498,0.1900756380290306
DIV,diagnostic,16,4,2312,2326,2.361616296296296,2.3643074814814815,0.0020799131839964857,2.3617027160493826,0.0008806837413794951,2.404809,2.456131,0.024917950972474966,2.4065446666666666,0.010354244123375909,2.37922,2.458273,0.22110222222222223,1.7251074074074073,0.16559703703703704,1.9423296296296297,0.0329740740740741,2.1114296296296295,-0.2501888888888888,raw/remeasure/DIV_16MiB_4core_diagnostic.json,v2-wrap-safe,d138f15304cadac2895abb787ebc95b6bf9607ba5b7fcbaf336a7ab700d8c4fe,16777216,8388608.0,50331648,21.312373258490265,20.929582349367454,151.75981345983757,101.3135035516828,4.862658385199849,3.552062209748377,156,3.964076705784049,0.9910191764460122,2.0033771597731875,,
DIV,pipeline,16,4,2327,2341,1.9165281481481482,1.9168917037037037,0.00019775304524029388,1.9166023703703703,0.00010317896309503126,1.957539,2.0252109,0.036376569603576,1.9720708666666666,0.018445873431040663,1.93725,2.027754,0.21962814814814816,1.7241985185185185,0.14622592592592593,,,2.089999259259259,0.17344296296296302,raw/remeasure/DIV_16MiB_4core_pipeline.json,v2-wrap-safe,d138f15304cadac2895abb787ebc95b6bf9607ba5b7fcbaf336a7ab700d8c4fe,16777216,8388608.0,50331648,26.261888221486924,25.711696165440383,152.77837691991178,114.73489323978622,4.865221672506561,4.376981370247821,157,3.9979766653667337,0.9994941663416834,1.9994074934111181,1.2322366872504407,0.18846759689377823
DIV,diagnostic,16,8,2342,2356,1.187888888888889,1.189533037037037,0.0010255729481469125,1.1881166913580248,0.0008631921052928533,1.255318,1.3324157,0.044715402139052104,1.2605002,0.03547433164949288,1.206196,1.381401,0.11113037037037037,0.8625496296296297,0.08924592592592592,0.9711688888888889,0.016577037037036946,1.0627229629629629,-0.12519481481481476,raw/remeasure/DIV_16MiB_8core_diagnostic.json,v2-wrap-safe,d138f15304cadac2895abb787ebc95b6bf9607ba5b7fcbaf336a7ab700d8c4fe,16777216,8388608.0,50331648,42.37066990926947,40.094739340947875,301.93755215762604,187.9885924868445,9.725362705914076,7.061778318211579,158,7.880895457238174,0.9851119321547718,1.9880784460449596,,
DIV,pipeline,16,8,2357,2371,0.96066,0.9607411851851851,4.334067379303121e-05,0.9606766913580247,4.51147344188858e-05,1.001307,1.0953659,0.04657086783366778,1.0286469333333332,0.045273909175770115,0.972694,1.107667,0.12525333333333333,0.8627933333333333,0.07450074074074074,,,1.0635925925925926,0.10291185185185192,raw/remeasure/DIV_16MiB_8core_pipeline.json,v2-wrap-safe,d138f15304cadac2895abb787ebc95b6bf9607ba5b7fcbaf336a7ab700d8c4fe,16777216,8388608.0,50331648,52.392779963774906,50.26595040282351,267.89252714498616,225.19529112313077,9.72261569012278,8.732129993962486,159,7.976011091140273,0.9970013863925341,1.9950119169614102,1.2365341420366092,0.19128799925170714
DIV,diagnostic,16,16,2372,2386,0.6010888888888889,0.6028312592592592,0.0014145968141418964,0.6008540740740741,0.0023543100982078105,0.706013,0.7535928,0.0434832195693268,0.6924634,0.06279497164662681,0.626545,0.787785,0.056649629629629626,0.43127333333333334,0.05051111111111111,0.48556962962962963,0.008374074074074082,0.5384044444444445,-0.06267925925925921,raw/remeasure/DIV_16MiB_16core_diagnostic.json,v2-wrap-safe,d138f15304cadac2895abb787ebc95b6bf9607ba5b7fcbaf336a7ab700d8c4fe,16777216,8388608.0,50331648,83.73411808199933,71.28997341408729,592.31511696327,332.14901891772985,19.450792227666906,13.955686346999888,160,15.57444883975994,0.9734030524849963,1.9762283263706608,,
DIV,pipeline,16,16,2387,2401,0.48237185185185183,0.48246185185185186,5.000698886422587e-05,0.4823827160493827,0.00010366662651965028,0.586796,0.6429092,0.046835391291303666,0.5800604666666667,0.0807422570278656,0.504292,0.658396,0.0928911111111111,0.43147703703703705,0.06133925925925926,,,0.5848074074074074,0.10243555555555561,raw/remeasure/DIV_16MiB_16core_pipeline.json,v2-wrap-safe,d138f15304cadac2895abb787ebc95b6bf9607ba5b7fcbaf336a7ab700d8c4fe,16777216,8388608.0,50331648,104.34200877761432,85.77367262217194,361.22328173967134,273.51513863394837,19.44160935563285,17.390334796269055,161,15.884498204858094,0.9927811378036309,1.9915341169099603,1.246111037742513,0.19750329648662301
DIV,diagnostic,32,1,2402,2416,18.723428148148148,18.72408874074074,0.0006168005669965434,18.72334637037037,3.294285940106455e-05,18.780634,18.9002978,0.056506489545133404,18.817757,0.0030028281024743492,18.756561,18.924305,1.7661651851851852,13.80108074074074,1.1525044444444446,15.541281481481482,0.26333925925925783,16.719725185185183,-2.0035325925925953,raw/remeasure/DIV_32MiB_1core_diagnostic.json,v2-wrap-safe,d138f15304cadac2895abb787ebc95b6bf9607ba5b7fcbaf336a7ab700d8c4fe,33554432,16777216.0,100663296,5.376328266571,5.359951959023322,37.99693514679009,29.114362345192205,1.2156450871614508,0.8960547110951667,162,1.0,1.0,,,
DIV,pipeline,32,1,2417,2431,15.322752592592593,15.322913925925926,0.00012200740032965328,15.322753086419754,7.962498621594703e-06,15.374694,15.4349414,0.03556812962564476,15.379665933333333,0.0023126724455409453,15.347965,15.483114,1.75982,13.793614074074075,1.1538466666666667,,,16.70726148148148,1.3844555555555544,raw/remeasure/DIV_32MiB_1core_pipeline.json,v2-wrap-safe,d138f15304cadac2895abb787ebc95b6bf9607ba5b7fcbaf336a7ab700d8c4fe,33554432,16777216.0,100663296,6.569530858878658,6.547336551868935,38.13393642531623,29.080494808668973,1.2163031320075706,1.0949218098131097,163,1.0,1.0,,1.2219363351986463,0.1816267581261235
DIV,diagnostic,32,2,2432,2446,9.447042962962962,9.447757259259259,0.00036344194720861183,9.447116,3.847120615525541e-05,9.487476,9.5359752,0.02005508905086429,9.493262533333333,0.0021125602479069357,9.476708,9.540962,0.8876044444444444,6.900473333333333,0.6580814814814815,7.769756296296296,0.13160444444444497,8.44623111111111,-1.0008740740740745,raw/remeasure/DIV_32MiB_2core_diagnostic.json,v2-wrap-safe,d138f15304cadac2895abb787ebc95b6bf9607ba5b7fcbaf336a7ab700d8c4fe,33554432,16777216.0,100663296,10.655534900672036,10.610123914937967,75.60672371576929,50.98826352697515,2.4313137939329765,1.775922483445339,164,1.9819353232067602,0.9909676616033801,1.9819353232067602,,
DIV,pipeline,32,2,2447,2461,7.6620681481481485,7.662180592592592,7.962476503740876e-05,7.662074716049383,1.0392063245040218e-05,7.772108,7.8512587,0.05690890459305063,7.771771866666667,0.007322513523220415,7.70606,7.929091,0.8801725925925926,6.896695555555556,0.57696,,,8.353779259259259,0.6917911111111117,raw/remeasure/DIV_32MiB_2core_pipeline.json,v2-wrap-safe,d138f15304cadac2895abb787ebc95b6bf9607ba5b7fcbaf336a7ab700d8c4fe,33554432,16777216.0,100663296,13.137875316905058,12.951865311187131,76.24511892869496,58.15729339988908,2.432645585824838,2.189645886150843,165,1.9998194085882623,0.9999097042941312,1.9998194085882623,1.232962534436114,0.18894534742911517
DIV,diagnostic,32,4,2462,2476,4.734006666666667,4.735981777777777,0.0023838815469722956,4.7335589135802465,0.0005036129454590937,4.824727,4.9102073,0.047175354443163335,4.834043866666667,0.009758983522773301,4.776002,4.96716,0.44745703703703704,3.4502303703703703,0.3354844444444444,3.8848422222222223,0.06579851851851876,4.233522962962963,-0.5004155555555556,raw/remeasure/DIV_32MiB_4core_diagnostic.json,v2-wrap-safe,d138f15304cadac2895abb787ebc95b6bf9607ba5b7fcbaf336a7ab700d8c4fe,33554432,16777216.0,100663296,21.263868660936968,20.864039768467727,149.97834081318794,100.017847490859,4.8626364616340165,3.5439781101561607,166,3.9550912084650243,0.9887728021162561,1.9955702702072584,,
DIV,pipeline,32,4,2477,2491,3.83213037037037,3.8322706666666666,8.393926679156162e-05,3.832149333333333,2.1903965500882088e-05,3.936974,3.9726632,0.040971034654927095,3.9278294666666667,0.010430960662275637,3.853343,3.988682,0.4437259259259259,3.448651111111111,0.2905007407407407,,,4.1828259259259255,0.35074962962962974,raw/remeasure/DIV_32MiB_4core_pipeline.json,v2-wrap-safe,d138f15304cadac2895abb787ebc95b6bf9607ba5b7fcbaf336a7ab700d8c4fe,33554432,16777216.0,100663296,26.268233664052257,25.56869717707051,151.23944777390113,115.50549549182001,4.864863234771986,4.3780389440087095,167,3.998494600044536,0.999623650011134,1.9994278397703937,1.235345932713957,0.1905101449574701
DIV,diagnostic,32,8,2492,2506,2.372685185185185,2.376034962962963,0.00322762781836068,2.3718870123456792,0.0013607848103897307,2.408043,2.509937,0.04766018632189863,2.4429513333333333,0.019509265563988028,2.392295,2.525645,0.22209481481481483,1.7251088888888888,0.17398444444444444,1.9423762962962963,0.033000740740740636,2.1224688888888887,-0.25025777777777813,raw/remeasure/DIV_32MiB_8core_diagnostic.json,v2-wrap-safe,d138f15304cadac2895abb787ebc95b6bf9607ba5b7fcbaf336a7ab700d8c4fe,33554432,16777216.0,100663296,42.425896460487806,41.802947870947484,302.1631281934976,192.85880474627362,9.725308418534611,7.070982743414634,168,7.89123996097561,0.9864049951219512,1.9952106146341464,,
DIV,pipeline,32,8,2507,2521,1.9192651851851852,1.9193317777777779,3.367359160295328e-05,1.9192744197530864,1.754495931190776e-05,2.035371,2.0561128,0.047386081042352354,2.011488866666667,0.023557714799027483,1.938688,2.057741,0.254777037037037,1.7256074074074075,0.16073925925925925,,,2.1395214814814816,0.22026000000000012,raw/remeasure/DIV_32MiB_8core_pipeline.json,v2-wrap-safe,d138f15304cadac2895abb787ebc95b6bf9607ba5b7fcbaf336a7ab700d8c4fe,33554432,16777216.0,100663296,52.44887302547888,49.456976639639656,263.4023253447459,208.7506944764468,9.722498830256228,8.741478837579814,169,7.983655781842434,0.9979569727303043,1.9966653904580765,1.236246665390458,0.19109994146341458
DIV,diagnostic,32,16,2522,2536,1.1978362962962963,1.2009551851851852,0.002939617511911526,1.1974013827160495,0.002454997592573036,1.322583,1.4667462,0.07345695763973424,1.3215584,0.0555835880122545,1.220786,1.474953,0.11336592592592593,0.8625518518518519,0.09651111111111112,0.9711651851851851,0.01658296296296291,1.0726333333333333,-0.12520296296296296,raw/remeasure/DIV_32MiB_16core_diagnostic.json,v2-wrap-safe,d138f15304cadac2895abb787ebc95b6bf9607ba5b7fcbaf336a7ab700d8c4fe,33554432,16777216.0,100663296,84.03760706805295,76.11113707041449,591.9667964768303,347.6742896615243,19.45067530025033,14.006267844675493,170,15.631040907710755,0.9769400567319222,1.9808092245338662,,
DIV,pipeline,32,16,2537,2551,0.9617925925925926,0.9619009629629629,6.982392494792474e-05,0.9617938271604939,7.259760145692147e-05,1.090444,1.1830179,0.056082902857160624,1.0847382,0.05170178652983791,0.996376,1.187129,0.20789703703703705,0.8629074074074075,0.11474592592592593,,,1.183034074074074,0.221268148148148,raw/remeasure/DIV_32MiB_16core_pipeline.json,v2-wrap-safe,d138f15304cadac2895abb787ebc95b6bf9607ba5b7fcbaf336a7ab700d8c4fe,33554432,16777216.0,100663296,104.66216601715931,92.31404455432833,322.79855911580165,292.42373294944707,19.442660772152713,17.443694336193218,171,15.931452072518907,0.9957157545324317,1.9955083871166495,1.2454205880993823,0.19705839974423012
DIV,diagnostic,64,1,2552,2566,37.44950074074074,37.45098125925926,0.0012494609605262965,37.4494852345679,3.336390213911342e-05,37.529843,37.5834562,0.02696223128713509,37.53511853333333,0.000718320131670587,37.498279,37.589458,3.5359237037037037,27.602122962962962,2.3050466666666667,31.08205185185185,0.5264718518518583,33.44311925925926,-4.006382222222221,raw/remeasure/DIV_64MiB_1core_diagnostic.json,v2-wrap-safe,d138f15304cadac2895abb787ebc95b6bf9607ba5b7fcbaf336a7ab700d8c4fe,67108864,33554432.0,201326592,5.375948624622915,5.364440027100566,37.95832128940272,29.11388518526017,1.2156467835834206,0.8959914374371525,172,1.0,1.0,,,
DIV,pipeline,64,1,2567,2581,30.644578518518518,30.644763555555556,0.00018901064651319577,30.644527407407406,6.167843412964759e-06,30.715713,30.8331995,0.04906146546711536,30.740072266666665,0.0015960100887698855,30.700614,30.857682,3.5224207407407406,27.587094074074074,2.30813037037037,,,33.41776,2.7732140740740725,raw/remeasure/DIV_64MiB_1core_pipeline.json,v2-wrap-safe,d138f15304cadac2895abb787ebc95b6bf9607ba5b7fcbaf336a7ab700d8c4fe,67108864,33554432.0,201326592,6.569729516049253,6.5545146876453755,38.10383196068024,29.074988510822937,1.2163090432759258,1.0949549193415422,173,1.0,1.0,,1.2220595795797944,0.18170929084828225
DIV,diagnostic,64,2,2582,2596,18.873057037037036,18.875220074074072,0.004854971146407125,18.871786814814815,0.0002572608091670394,18.953777,19.0419534,0.05976615612112983,18.955770066666666,0.003152926834991916,18.872422,19.058374,1.7595755555555554,13.800906666666666,1.3117222222222222,15.538891111111111,0.26290740740740604,16.871926666666667,-2.0009111111111118,raw/remeasure/DIV_64MiB_2core_diagnostic.json,v2-wrap-safe,d138f15304cadac2895abb787ebc95b6bf9607ba5b7fcbaf336a7ab700d8c4fe,67108864,33554432.0,201326592,10.667407596178554,10.621977455997294,76.27846816593397,51.160880606496974,2.4313208407563565,1.777901266029759,174,1.98428376850919,0.992141884254595,1.98428376850919,,
DIV,pipeline,64,2,2597,2611,15.32313037037037,15.323314518518519,0.00011703308546009167,15.323150962962963,7.63766445576162e-06,15.372605,15.3866747,0.010963896534057828,15.371934733333333,0.0007132411582702809,15.349429,15.386814,1.761862962962963,13.793625925925927,1.1541318518518517,,,16.70972962962963,1.386603703703706,raw/remeasure/DIV_64MiB_2core_pipeline.json,v2-wrap-safe,d138f15304cadac2895abb787ebc95b6bf9607ba5b7fcbaf336a7ab700d8c4fe,67108864,33554432.0,201326592,13.138737786196478,13.096452553096888,76.17943666531428,58.146618076887044,2.4326041738548585,2.1897896310327463,175,1.9998902168041672,0.9999451084020836,1.9998902168041672,1.2316711129424962,0.18809494718848085
DIV,diagnostic,64,4,2612,2626,9.449837037037037,9.450891333333335,0.0010586082087981532,9.449552543209876,0.00011202733716305253,9.502536,9.5766792,0.034181558846979564,9.511491066666666,0.0035937119224944618,9.472514,9.582646,0.8880666666666667,6.900477037037037,0.6600874074074075,7.769817777777778,0.13158592592592533,8.448747407407408,-1.000928148148148,raw/remeasure/DIV_64MiB_4core_diagnostic.json,v2-wrap-safe,d138f15304cadac2895abb787ebc95b6bf9607ba5b7fcbaf336a7ab700d8c4fe,67108864,33554432.0,201326592,21.30476866542084,21.186617130416558,151.13474363786503,101.66663270184195,4.862624977940333,3.5507947775701405,176,3.962978471899966,0.9907446179749915,1.9971833337513951,,
DIV,pipeline,64,4,2627,2641,7.66064,7.661346518518519,0.00035404659962927717,7.660724888888889,4.621580917789988e-05,7.709936,7.7928403,0.039571612564829224,7.724764133333333,0.0051226952540949075,7.68767,7.813344,0.8807511111111112,6.896654814814815,0.5784866666666667,,,8.356867407407407,0.6962274074074069,raw/remeasure/DIV_64MiB_4core_pipeline.json,v2-wrap-safe,d138f15304cadac2895abb787ebc95b6bf9607ba5b7fcbaf336a7ab700d8c4fe,67108864,33554432.0,201326592,26.280649136364588,26.112615201993894,152.39007513788735,116.00762449148928,4.86531991247716,4.380108189394098,177,4.000263492151898,1.0000658730379746,2.0002415425304374,1.2335571227778668,0.1893362848506892
DIV,diagnostic,64,8,2642,2656,4.740731111111111,4.747387037037037,0.005006401356832262,4.741105580246914,0.0010559565215528342,4.863196,4.9168376,0.029254177255320542,4.8669512,0.006010780887903816,4.804425,4.919156,0.4460777777777778,3.450228888888889,0.3422362962962963,3.884802962962963,0.06584518518518562,4.240188148148148,-0.5004155555555556,raw/remeasure/DIV_64MiB_8core_diagnostic.json,v2-wrap-safe,d138f15304cadac2895abb787ebc95b6bf9607ba5b7fcbaf336a7ab700d8c4fe,67108864,33554432.0,201326592,42.46741426193522,41.398000820859366,300.8841387899469,196.08926559297345,9.7252770991683,7.077902376989203,178,7.89952010840022,0.9874400135500275,1.993329048949631,,
DIV,pipeline,64,8,2657,2671,3.836434074074074,3.8365591851851852,0.0002580187808914335,3.836315950617284,6.725691632617404e-05,3.876548,3.9751011,0.044504019345715407,3.8960637333333334,0.011422816050198273,3.855517,3.989218,0.49698296296296296,3.451048148148148,0.30041703703703704,,,4.248710370370371,0.4123866666666669,raw/remeasure/DIV_64MiB_8core_pipeline.json,v2-wrap-safe,d138f15304cadac2895abb787ebc95b6bf9607ba5b7fcbaf336a7ab700d8c4fe,67108864,33554432.0,201326592,52.47753202916443,51.934502552270736,270.06504850751276,223.38567966012678,9.722968373537615,8.746255338194072,179,7.987776650616525,0.9984720813270657,1.9968126265401551,1.2357129093259056,0.19075054371204192
DIV,diagnostic,64,16,2672,2686,2.388834814814815,2.395566,0.004683176075209472,2.3885372345679015,0.001960687908663347,2.500193,2.5697947,0.040781608408109446,2.5097580666666666,0.016249218978414724,2.442878,2.595953,0.2275962962962963,1.725108148148148,0.1854362962962963,1.942328888888889,0.03300370370370409,2.1386266666666667,-0.2502518518518517,raw/remeasure/DIV_64MiB_16core_diagnostic.json,v2-wrap-safe,d138f15304cadac2895abb787ebc95b6bf9607ba5b7fcbaf336a7ab700d8c4fe,67108864,33554432.0,201326592,84.27815550553547,80.5244203147517,589.7184189028657,361.8971330875333,19.45062518893072,14.04635925092258,180,15.676890050534476,0.9798056281584048,1.9845370143262155,,
DIV,pipeline,64,16,2687,2701,1.9203777777777777,1.920512962962963,8.057173710858108e-05,1.920393925925926,4.1955838341726206e-05,1.937362,2.0299097,0.03297386256863514,1.9548545333333334,0.016867680948315644,1.933356,2.032009,0.4011533333333333,1.7257740740740741,0.19904296296296295,,,2.321471851851852,0.40117629629629636,raw/remeasure/DIV_64MiB_16core_pipeline.json,v2-wrap-safe,d138f15304cadac2895abb787ebc95b6bf9607ba5b7fcbaf336a7ab700d8c4fe,67108864,33554432.0,201326592,104.83697235497647,103.91790073305866,334.57961544214186,337.15768194471326,19.443119759463812,17.47282872582941,181,15.957578177133357,0.9973486360708348,1.9977496711680958,1.2439400426613592,0.19610273348823093
DIV,diagnostic,128,1,2702,2716,74.8949162962963,74.8963417037037,0.0011875438456713028,74.89473120987654,1.5856173411497586e-05,74.966678,75.0311945,0.02816070798234095,74.97412073333334,0.0003756057117695647,74.947088,75.049552,7.065728888888889,55.204391111111114,4.610043703703703,62.166054074074076,1.0531518518518412,66.88014074074074,-8.014823703703698,raw/remeasure/DIV_128MiB_1core_diagnostic.json,v2-wrap-safe,d138f15304cadac2895abb787ebc95b6bf9607ba5b7fcbaf336a7ab700d8c4fe,134217728,67108864.0,402653184,5.376241858753662,5.371095461906422,37.99119103226906,29.114198612080326,1.2156435864844246,0.896040309792277,182,1.0,1.0,,,
DIV,pipeline,128,1,2717,2731,61.285626666666666,61.28597807407407,0.00031073722389458685,61.28557471604938,5.070315899529477e-06,61.351508,61.4594721,0.046741669548395696,61.375098200000004,0.0007615738454068281,61.337456,61.4601,7.038391851851852,55.17426074074074,4.6155859259259255,,,66.82826444444444,5.5427237037037,raw/remeasure/DIV_128MiB_1core_pipeline.json,v2-wrap-safe,d138f15304cadac2895abb787ebc95b6bf9607ba5b7fcbaf336a7ab700d8c4fe,134217728,67108864.0,402653184,6.5701079665879245,6.563052761474094,38.13874840307061,29.07923937589241,1.2163074429821357,1.0950179944313208,183,1.0,1.0,,1.2220633184294702,0.18171179437318685
DIV,diagnostic,128,2,2732,2746,37.85807851851852,37.86804081481481,0.006215353520911324,37.85821861728395,0.00016417448437665633,37.883296,37.90931,0.01441107278548628,37.8854514,0.0003803854052927103,37.872,37.926761,3.5920474074074074,27.601874074074075,2.6615866666666665,31.078595555555555,0.5256644444444469,33.855676296296295,-4.002342962962963,raw/remeasure/DIV_128MiB_2core_diagnostic.json,v2-wrap-safe,d138f15304cadac2895abb787ebc95b6bf9607ba5b7fcbaf336a7ab700d8c4fe,134217728,67108864.0,402653184,10.635858970048881,10.628779079835079,74.73048809056385,50.427712792870416,2.4313154903867233,1.7726431616748133,184,1.9783073845034418,0.9891536922517209,1.9783073845034418,,
DIV,pipeline,128,2,2747,2761,30.64340074074074,30.6437497037037,0.00022829717526740036,30.643401037037037,7.450125232230906e-06,30.711403,30.7854409,0.03018243037848962,30.723239866666667,0.000982397380923234,30.697591,30.797644,3.520257037037037,27.58713185185185,2.3080962962962963,,,33.41551555555556,2.771824444444448,raw/remeasure/DIV_128MiB_2core_pipeline.json,v2-wrap-safe,d138f15304cadac2895abb787ebc95b6bf9607ba5b7fcbaf336a7ab700d8c4fe,134217728,67108864.0,402653184,13.139964046636251,13.110869080126362,76.2545044795761,58.150835480899765,2.4326147553282222,2.1899940077727083,185,1.999961661735107,0.9999808308675535,1.999961661735107,1.2354398533902207,0.1905716840396079
DIV,diagnostic,128,4,2762,2776,18.87487925925926,18.881022148148148,0.008175773460701334,18.8734852345679,0.000433188325266333,18.946626,19.0723369,0.06169229191220735,18.969698666666666,0.003252149282719621,18.891827,19.096125,1.7703444444444445,13.800899259259259,1.3061044444444445,15.538785185185185,0.2630444444444455,16.873845925925927,-2.0008762962962976,raw/remeasure/DIV_128MiB_4core_diagnostic.json,v2-wrap-safe,d138f15304cadac2895abb787ebc95b6bf9607ba5b7fcbaf336a7ab700d8c4fe,134217728,67108864.0,402653184,21.332755482527098,21.251972989808316,151.62894251589458,102.76186454375777,4.862644291456262,3.5554592470878497,186,3.967967967771548,0.991991991942887,2.0057388446576083,,
DIV,pipeline,128,4,2777,2791,15.320437777777778,15.321162592592593,0.0004903744305207393,15.32049437037037,3.200774196093286e-05,15.41746,15.5064528,0.04561209821339699,15.430301,0.0029560083250091485,15.363966,15.507689,1.7599888888888888,13.793928148148147,1.16932,,,16.723718518518517,1.4034029629629607,raw/remeasure/DIV_128MiB_4core_pipeline.json,v2-wrap-safe,d138f15304cadac2895abb787ebc95b6bf9607ba5b7fcbaf336a7ab700d8c4fe,134217728,67108864.0,402653184,26.282093882724848,26.11670041628128,152.52110834033044,114.78271816098245,4.865101751962472,4.380348980454142,187,4.000252966371573,1.0000632415928932,2.000164824610224,1.232006521813442,0.18831598510691472
DIV,diagnostic,128,8,2792,2806,9.478594814814814,9.486928074074074,0.007577748309803661,9.475908345679013,0.0007996856906345123,9.538221,9.6519321,0.05770937259835058,9.559884533333333,0.0060366181617706755,9.499778,9.675373,0.8960925925925926,6.900453333333333,0.6803459259259259,7.769442222222223,0.131616296296296,8.477742222222222,-1.0005762962962965,raw/remeasure/DIV_128MiB_8core_diagnostic.json,v2-wrap-safe,d138f15304cadac2895abb787ebc95b6bf9607ba5b7fcbaf336a7ab700d8c4fe,134217728,67108864.0,402653184,42.48026124828787,42.21470481759649,299.5621861166794,197.27865323413906,9.725283363025426,7.080043541381309,188,7.901478833047844,0.9876848541309805,1.9913161843101765,,
DIV,pipeline,128,8,2807,2821,7.670249629629629,7.670967185185185,0.0004890142108625904,7.670240049382716,6.375474661995033e-05,7.76121,7.8265068,0.04137658992278223,7.752429266666667,0.005337241850201755,7.695623,7.829997,0.9642985185185186,6.901770370370371,0.5951859259259259,,,8.46134074074074,0.7909333333333324,raw/remeasure/DIV_128MiB_8core_pipeline.json,v2-wrap-safe,d138f15304cadac2895abb787ebc95b6bf9607ba5b7fcbaf336a7ab700d8c4fe,134217728,67108864.0,402653184,52.49544714223894,51.88020733880413,278.3738135493619,225.5055473484165,9.723427526378096,8.749241190373157,189,7.990043300536745,0.9987554125670931,1.9973845073563206,1.2357609298919914,0.190781990423178
DIV,diagnostic,128,16,2822,2836,4.767508148148148,4.7833994074074075,0.009917728196823102,4.7685689382716046,0.0020798122718170956,4.87494,4.9807954,0.0580403407876182,4.8760382,0.011903175981602893,4.802898,4.997902,0.4592148148148148,3.450222962962963,0.35664666666666667,3.8846955555555556,0.06586518518518508,4.267168148148148,-0.5003400000000005,raw/remeasure/DIV_128MiB_16core_diagnostic.json,v2-wrap-safe,d138f15304cadac2895abb787ebc95b6bf9607ba5b7fcbaf336a7ab700d8c4fe,134217728,67108864.0,402653184,84.45778622452974,82.59654149589534,584.5531270768139,376.3324896723181,19.45058760561046,14.076297704088292,190,15.7094469414568,0.98184043384105,1.9881654147768162,,
DIV,pipeline,128,16,2837,2851,3.837666666666667,3.837743111111111,4.966846778535813e-05,3.8376694814814813,1.2942351608191197e-05,3.956192,4.0678116,0.06954338514570467,3.9546106666666665,0.01758539360951116,3.87947,4.126375,0.6655888888888889,3.451328888888889,0.4075377777777778,,,4.522814814814815,0.6851992592592597,raw/remeasure/DIV_128MiB_16core_pipeline.json,v2-wrap-safe,d138f15304cadac2895abb787ebc95b6bf9607ba5b7fcbaf336a7ab700d8c4fe,134217728,67108864.0,402653184,104.92135429514462,101.77796830891928,403.3051940637364,329.3381259815041,19.444354960215,17.486892382524104,191,15.969502301745852,0.9980938938591157,1.9986753138963682,1.242293446056149,0.19503720866060004
DIV,diagnostic,256,1,2852,2866,149.7894748148148,149.79155162962962,0.0017170300447413146,149.78918765432098,1.14629772123728e-05,149.860399,149.9883031,0.05316127621394182,149.88587686666668,0.00035467835479410955,149.842701,150.005913,14.132358518518519,110.40865333333333,9.220107407407408,124.33030962962962,2.10623407407407,133.76110888888888,-16.02785407407407,raw/remeasure/DIV_256MiB_1core_diagnostic.json,v2-wrap-safe,d138f15304cadac2895abb787ebc95b6bf9607ba5b7fcbaf336a7ab700d8c4fe,268435456,134217728.0,805306368,5.376254700108955,5.373710288866907,37.988769623732956,29.11413545837218,1.2156450056028216,0.8960424500181591,192,1.0,1.0,,,
DIV,pipeline,256,1,2867,2881,122.56955851851852,122.57047585185185,0.0006249398241343026,122.5695467654321,5.0986549320467295e-06,122.599835,122.7137151,0.05944302329706472,122.62271386666667,0.0004847635598874435,122.587644,122.817362,14.075925925925926,110.3483711111111,9.230743703703704,,,133.65504074074073,11.085482222222211,raw/remeasure/DIV_256MiB_1core_pipeline.json,v2-wrap-safe,d138f15304cadac2895abb787ebc95b6bf9607ba5b7fcbaf336a7ab700d8c4fe,268435456,134217728.0,805306368,6.570198813911284,6.568576279079005,38.141072553611366,29.080588153725266,1.2163091004293534,1.0950331356518805,193,1.0,1.0,,1.2220772973754632,0.18172115450667248
DIV,diagnostic,256,2,2882,2896,75.57334740740741,75.57733896296297,0.005020010096387553,75.57286533333334,6.642609188159695e-05,75.660782,75.7593532,0.047123111757344294,75.67555013333333,0.0006226992955362428,75.628524,75.791451,7.102142222222223,55.203826666666664,5.260699259259259,62.15823777777778,1.0522696296296266,67.56667777777777,-8.006673333333339,raw/remeasure/DIV_256MiB_2core_diagnostic.json,v2-wrap-safe,d138f15304cadac2895abb787ebc95b6bf9607ba5b7fcbaf336a7ab700d8c4fe,268435456,134217728.0,805306368,10.6559573662747,10.64364320210172,75.59281343594608,51.026573231216695,2.431312032233514,1.7759928943791166,194,1.9820410231045689,0.9910205115522844,1.9820410231045689,,
DIV,pipeline,256,2,2897,2911,61.284742962962966,61.28531925925926,0.00032752527266205136,61.284803259259256,5.34431466274744e-06,61.401324,61.5029501,0.0574567868979646,61.41514993333333,0.0009355474497796462,61.347455,61.516535,7.0400103703703705,55.17384148148148,4.615798518518519,,,66.82974,5.5451162962963,raw/remeasure/DIV_256MiB_2core_pipeline.json,v2-wrap-safe,d138f15304cadac2895abb787ebc95b6bf9607ba5b7fcbaf336a7ab700d8c4fe,268435456,134217728.0,805306368,13.140405410310388,13.115456077136056,76.25996039147249,58.15580011195045,2.432633371106646,2.1900675683850648,195,2.000001184513291,1.0000005922566455,2.000001184513291,1.2331510870997644,0.1890693602258504
DIV,diagnostic,256,4,2912,2926,37.856811111111114,37.87212237037037,0.01444230420086576,37.85508765432099,0.00038151553980663507,37.951773,38.043076299999996,0.05696484242031532,37.9609654,0.0015006162730602031,37.900743,38.113504,3.57248962962963,27.601874814814813,2.6740392592592594,31.07851037037037,0.5256711111111119,33.85403851851852,-4.002402222222223,raw/remeasure/DIV_256MiB_4core_diagnostic.json,v2-wrap-safe,d138f15304cadac2895abb787ebc95b6bf9607ba5b7fcbaf336a7ab700d8c4fe,268435456,134217728.0,805306368,21.272430095509012,21.219202802461957,150.2792079639036,100.38575726609183,4.862630850276918,3.5454050159181687,196,3.9567377816155003,0.9891844454038751,1.9962945950623494,,
DIV,pipeline,256,4,2927,2941,30.644698518518517,30.64533614814815,0.00032256322040550466,30.644791851851853,1.0525874085387605e-05,30.71029,30.7733147,0.03178584915081077,30.718725666666668,0.001034738533613784,30.694766,30.823588,3.549688148148148,27.589082962962962,2.3237244444444443,,,33.462243703703706,2.817545185185189,raw/remeasure/DIV_256MiB_4core_pipeline.json,v2-wrap-safe,d138f15304cadac2895abb787ebc95b6bf9607ba5b7fcbaf336a7ab700d8c4fe,268435456,134217728.0,805306368,26.27881515993232,26.22268848649752,151.24452898209734,115.51948710690502,4.864885439656728,4.3798025266553875,197,3.999698624688705,0.9999246561721763,1.9998481279210087,1.235346175399126,0.19051030398267788
DIV,diagnostic,256,8,2942,2956,18.93989851851852,18.95467177777778,0.008631659912708095,18.940521432098766,0.0004557245133747955,18.956225,18.9748067,0.010689779420861118,18.95982426666667,0.0005638121572495192,18.939309,18.981939,1.790065925925926,13.800905925925926,1.3487392592592593,15.53886962962963,0.26300518518518623,16.939085925925927,-2.0009703703703714,raw/remeasure/DIV_256MiB_8core_diagnostic.json,v2-wrap-safe,d138f15304cadac2895abb787ebc95b6bf9607ba5b7fcbaf336a7ab700d8c4fe,268435456,134217728.0,805306368,42.519043447493154,42.482422950772104,299.91683782389146,199.02694620710258,9.725283885013882,7.086507241248858,198,7.908673569098477,0.9885841961373096,1.998786375444227,,
DIV,pipeline,256,8,2957,2971,15.336852592592592,15.339240148148148,0.002160075997288855,15.336721530864198,0.00014084339948024983,15.362245,15.5666739,0.07888449542735618,15.406744400000001,0.005120127483088262,15.351124,15.615417,1.9203237037037038,13.802551851851852,1.1814585185185185,,,16.897894814814816,1.5585955555555557,raw/remeasure/DIV_256MiB_8core_pipeline.json,v2-wrap-safe,d138f15304cadac2895abb787ebc95b6bf9607ba5b7fcbaf336a7ab700d8c4fe,268435456,134217728.0,805306368,52.50792906420367,52.42113818650855,279.5731318446697,227.2068395059716,9.72412416490885,8.751321510700611,199,7.991832599194263,0.9989790748992828,1.9981086949560514,1.2349273362427784,0.19023575667013437
DIV,diagnostic,256,16,2972,2986,9.537607407407407,9.556355925925926,0.011137759666732342,9.538829481481482,0.0011676233114718106,9.61031,9.6522314,0.025476852274919796,9.613350466666667,0.00265015328040502,9.574634,9.660525,0.9222874074074074,6.900446666666666,0.7168785185185185,7.76937037037037,0.1315540740740745,8.537151111111111,-1.0004881481481487,raw/remeasure/DIV_256MiB_16core_diagnostic.json,v2-wrap-safe,d138f15304cadac2895abb787ebc95b6bf9607ba5b7fcbaf336a7ab700d8c4fe,268435456,134217728.0,805306368,84.43484131822797,83.79608649460839,582.1080367010204,374.45041114461253,19.45058551765248,14.072473553037993,200,15.705141595415265,0.981571349713454,1.9858123436501274,,
DIV,pipeline,256,16,2987,3001,7.6723214814814815,7.672595851851852,0.0001633942984919707,7.672345086419753,2.129652624478307e-05,7.754463,7.8090629,0.027082236926144213,7.7607170666666665,0.003489656521878126,7.72113,7.812117,1.2296333333333334,6.902631851851852,0.6429511111111111,,,8.800165925925924,1.1279651851851833,raw/remeasure/DIV_256MiB_16core_pipeline.json,v2-wrap-safe,d138f15304cadac2895abb787ebc95b6bf9607ba5b7fcbaf336a7ab700d8c4fe,268435456,134217728.0,805306368,104.9625422948909,103.85069449683363,436.6105711729784,417.5052369628933,19.444427992200076,17.49375704914848,201,15.975550400796166,0.9984719000497604,1.9989846136675615,1.2431188435505638,0.19557168231492172
DIV,diagnostic,512,1,3002,3016,299.6002007407407,299.60570955555556,0.0041429217024345375,299.5997680987654,1.3828187280401335e-05,299.668021,299.7493476,0.04102978356697147,299.67665546666666,0.00013691351267611587,299.626558,299.752933,28.290545925925926,220.8171288888889,18.44026,248.65808074074073,4.211239259259283,267.54798074074074,-32.052180740740766,raw/remeasure/DIV_512MiB_1core_diagnostic.json,v2-wrap-safe,d138f15304cadac2895abb787ebc95b6bf9607ba5b7fcbaf336a7ab700d8c4fe,536870912,268435456.0,1610612736,5.3758733539492685,5.374656697185584,37.954086386717805,29.114064118401803,1.215645984307095,0.8959788923248782,202,1.0,1.0,,,
DIV,pipeline,512,1,3017,3031,245.1445,245.14550533333335,0.0005464313072666826,245.14463269135803,2.2290159946297927e-06,245.257521,245.40321939999998,0.07184824265451754,245.2898284,0.00029291162672001586,245.194028,245.443447,28.17835925925926,220.69729925925927,18.46492,,,267.34081407407405,22.196256296296298,raw/remeasure/DIV_512MiB_1core_pipeline.json,v2-wrap-safe,d138f15304cadac2895abb787ebc95b6bf9607ba5b7fcbaf336a7ab700d8c4fe,536870912,268435456.0,1610612736,6.570054543340765,6.567026892520862,38.10519321302123,29.07518212914001,1.2163060304814215,1.0950090905567942,203,1.0,1.0,,1.2221371507039347,0.18176122915172543
DIV,diagnostic,512,2,3032,3046,150.98191407407407,150.9879117037037,0.007382757715604005,150.980544,4.889873569142793e-05,151.074788,151.1657922,0.04755923635125349,151.0860682,0.00031478240792060994,151.021272,151.187985,14.079652592592593,110.40723333333334,10.48205037037037,124.31047111111111,2.102555555555572,134.9758488888889,-16.006157037037042,raw/remeasure/DIV_512MiB_2core_diagnostic.json,v2-wrap-safe,d138f15304cadac2895abb787ebc95b6bf9607ba5b7fcbaf336a7ab700d8c4fe,536870912,268435456.0,1610612736,10.667587213193022,10.661029264525592,76.26195440112657,51.218119836322664,2.431321281184174,1.777931202198837,204,1.9843449632897898,0.9921724816448949,1.9843449632897898,,
DIV,pipeline,512,2,3047,3061,122.57289555555556,122.5735737037037,0.00034032819132377235,122.57303427160494,2.776533952562943e-06,122.597459,122.6210938,0.01151885761614335,122.60173126666666,9.395346621239054e-05,122.590809,122.635462,14.094450370370371,110.34893481481481,9.232912592592593,,,133.6763488888889,11.103242962962966,raw/remeasure/DIV_512MiB_2core_pipeline.json,v2-wrap-safe,d138f15304cadac2895abb787ebc95b6bf9607ba5b7fcbaf336a7ab700d8c4fe,536870912,268435456.0,1610612736,13.140039881573962,13.137407162737363,76.18188689764314,58.14751375754628,2.4326057741335023,2.190006646928994,205,1.9999894665855344,0.9999947332927672,1.9999894665855344,1.2317724354128703,0.1881617324349233
DIV,diagnostic,512,4,3062,3076,75.58461777777778,75.62689696296296,0.028074448510948355,75.58705456790123,0.00037141873924626293,75.636731,75.7580767,0.05885911492611675,75.6570058,0.0007779730945434369,75.607607,75.838632,7.1049125925925924,55.203826666666664,5.267348888888889,62.158186666666666,1.0519666666666705,67.57737185185185,-8.006361481481477,raw/remeasure/DIV_512MiB_4core_diagnostic.json,v2-wrap-safe,d138f15304cadac2895abb787ebc95b6bf9607ba5b7fcbaf336a7ab700d8c4fe,536870912,268435456.0,1610612736,21.30873692760179,21.29405534461821,151.1266760859883,101.92431208278084,4.862624064467028,3.551456154600298,206,3.963772121221529,0.9909430303053822,1.9975216983694721,,
DIV,pipeline,512,4,3077,3091,61.27240962962963,61.27349925925926,0.000599600916769111,61.27254612345679,9.7858005698178e-06,61.359496,61.3963159,0.021127133332236123,61.36101686666667,0.0003443087225582319,61.325695,61.405285,7.043354814814815,55.17255111111111,4.629017037037037,,,66.84732296296296,5.5746666666666655,raw/remeasure/DIV_512MiB_4core_pipeline.json,v2-wrap-safe,d138f15304cadac2895abb787ebc95b6bf9607ba5b7fcbaf336a7ab700d8c4fe,536870912,268435456.0,1610612736,26.28610080353609,26.248793438590173,152.44749870353237,115.97946339459638,4.865380530608458,4.381016800589349,207,4.000895370066448,1.000223842516612,2.000458220861004,1.2335832430070968,0.1893534500660795
DIV,diagnostic,512,8,3092,3106,37.91464740740741,37.93784925925926,0.02214816004647852,37.90949935802469,0.0005842377351731022,37.944068,37.9730074,0.0253046792128784,37.93951893333333,0.0006669741716373195,37.894205,37.974154,3.57872,27.60183333333333,2.725502222222222,31.078063703703705,0.525730370370368,33.91292222222222,-4.001954074074071,raw/remeasure/DIV_512MiB_8core_diagnostic.json,v2-wrap-safe,d138f15304cadac2895abb787ebc95b6bf9607ba5b7fcbaf336a7ab700d8c4fe,536870912,268435456.0,1610612736,42.47996081022064,42.447023234303714,300.0351589395091,196.98054458464742,9.725276316186727,7.079993468370105,208,7.90196457641876,0.987745572052345,1.993546635567835,,
DIV,pipeline,512,8,3107,3121,30.671731851851852,30.67501488888889,0.002376514774423603,30.67139866666667,7.74830910142475e-05,30.690724,30.7157342,0.011043246286866393,30.695108133333335,0.00035977219037303164,30.683316,30.725439,3.799208148148148,27.605155555555555,2.387011111111111,,,33.766077037037036,3.0937807407407405,raw/remeasure/DIV_512MiB_8core_pipeline.json,v2-wrap-safe,d138f15304cadac2895abb787ebc95b6bf9607ba5b7fcbaf336a7ab700d8c4fe,536870912,268435456.0,1610612736,52.51130727731491,52.47881203454177,282.6225313617984,224.9134532725724,9.724105899703115,8.751884546219154,209,7.992522273736526,0.9990652842170658,1.9976834019540444,1.2361430254587418,0.19103212216976861
DIV,diagnostic,512,16,3122,3136,19.067308148148147,19.09886437037037,0.017748033955844584,19.071744098765432,0.0009305931258270954,19.089393,19.120003099999998,0.015515603253315646,19.0956248,0.0008125213715612828,19.079019,19.130046,1.853442962962963,13.8009,1.4137444444444445,15.538791851851851,0.26297481481481766,17.066494074074075,-2.0008770370370392,raw/remeasure/DIV_512MiB_16core_diagnostic.json,v2-wrap-safe,d138f15304cadac2895abb787ebc95b6bf9607ba5b7fcbaf336a7ab700d8c4fe,536870912,268435456.0,1610612736,84.46985402899809,84.3721293809604,579.3228307837906,379.7510321683158,19.450576121847128,14.078309004833017,210,15.712768599160572,0.9820480374475358,1.9884635582967567,,
DIV,pipeline,512,16,3137,3151,15.341297777777777,15.341790666666666,0.0013042508912603978,15.340730567901234,8.501882524352505e-05,15.484357,15.5511021,0.05243442751103068,15.489026866666666,0.003385262867861168,15.395923,15.558044,2.2359162962962964,13.804834074074074,1.2287733333333333,,,17.279104444444446,1.9377777777777787,raw/remeasure/DIV_512MiB_16core_pipeline.json,v2-wrap-safe,d138f15304cadac2895abb787ebc95b6bf9607ba5b7fcbaf336a7ab700d8c4fe,536870912,268435456.0,1610612736,104.98542948126655,104.01547419760472,480.2245172498672,436.91614835391397,19.445033135467416,17.49757158021109,211,15.979384765941864,0.9987115478713665,1.9992918654040184,1.2428745223736926,0.19541354980053893
DIV,diagnostic,1024,1,3152,3166,599.1636888888889,599.1701791851852,0.005259561906984378,599.1633452345679,8.778177017696733e-06,599.313766,599.3762656,0.04467894437599538,599.3222444666667,7.454911742138806e-05,599.241414,599.385213,56.531402962962964,441.63497185185184,36.880462962962966,497.3261622222222,8.424454074074141,535.0467933333333,-64.11556962962959,raw/remeasure/DIV_1024MiB_1core_diagnostic.json,v2-wrap-safe,d138f15304cadac2895abb787ebc95b6bf9607ba5b7fcbaf336a7ab700d8c4fe,1073741824,536870912.0,3221225472,5.376202750159241,5.374856468756635,37.987446542003255,29.114109144407983,1.2156440187442752,0.8960337916932066,212,1.0,1.0,,,
DIV,pipeline,1024,1,3167,3181,490.2706177777778,490.2729505925926,0.0012009228015054997,490.27102533333334,2.4495080056770577e-06,490.363977,490.4504151,0.05412874850391536,490.3751782,0.00011038231727511888,490.330439,490.555007,56.30740296296296,441.3920096296296,36.92471333333334,,,534.6246140740741,44.353273333333334,raw/remeasure/DIV_1024MiB_1core_pipeline.json,v2-wrap-safe,d138f15304cadac2895abb787ebc95b6bf9607ba5b7fcbaf336a7ab700d8c4fe,1073741824,536870912.0,3221225472,6.570300881175928,6.5690499773395885,38.13856677802276,29.07921895850421,1.2163131644600598,1.0950501468626548,213,1.0,1.0,,1.2221080912510822,0.18174177295864913
DIV,diagnostic,1024,2,3182,3196,302.82547703703705,302.8574868888889,0.05455338493903089,302.8136741234568,0.0001801549586455912,302.896347,302.92387840000004,0.05575114755060305,302.8754927333333,0.00018407282493367378,302.719891,302.932403,28.68846074074074,220.81508,21.309922962962965,248.62937037037037,4.204445185185179,270.8080585185185,-32.01874962962961,raw/remeasure/DIV_1024MiB_2core_diagnostic.json,v2-wrap-safe,d138f15304cadac2895abb787ebc95b6bf9607ba5b7fcbaf336a7ab700d8c4fe,1073741824,536870912.0,3221225472,10.637234038290735,10.634745198825392,74.85531090032792,50.38694066919824,2.431314527975173,1.7728723397151227,214,1.978577544899263,0.9892887724496315,1.978577544899263,,
DIV,pipeline,1024,2,3197,3211,245.1372577777778,245.13804555555555,0.000723799902987547,245.1370821728395,2.9526332636904576e-06,245.238288,245.32585,0.04967348470888357,245.25170953333333,0.00020254082959667282,245.199726,245.374619,28.163028148148147,220.69764296296296,18.465472592592594,,,267.3263,22.188685925925938,raw/remeasure/DIV_1024MiB_2core_pipeline.json,v2-wrap-safe,d138f15304cadac2895abb787ebc95b6bf9607ba5b7fcbaf336a7ab700d8c4fe,1073741824,536870912.0,3221225472,13.140497292011442,13.135083833238959,76.25187308351313,58.148624066666486,2.432608272531921,2.190082882001907,215,1.9999840996109153,0.9999920498054576,1.9999840996109153,1.2353302789719336,0.1904998873400724
DIV,diagnostic,1024,4,3212,3226,150.99957481481482,151.17642874074073,0.080413357335908,151.0419754074074,0.0005323907948039481,151.162788,151.2806817,0.0847386376444551,151.16782546666667,0.000560560009266922,151.045355,151.364149,14.120840740740741,110.40720518518519,10.499512592592593,124.31008518518519,2.1024303703703833,134.9919111111111,-16.005342222222225,raw/remeasure/DIV_1024MiB_4core_diagnostic.json,v2-wrap-safe,d138f15304cadac2895abb787ebc95b6bf9607ba5b7fcbaf336a7ab700d8c4fe,1073741824,536870912.0,3221225472,21.33267908833847,21.309645810449062,152.07902188176288,102.2658732518236,4.862643802091633,3.555446514723078,216,3.9679826226246036,0.9919956556561509,2.0054723823455847,,
DIV,pipeline,1024,4,3227,3241,122.55200814814815,122.5547617037037,0.0014688386941886762,122.55237007407408,1.1985396066194959e-05,122.632829,122.7329371,0.04376642445930892,122.65081033333334,0.00035683762985636247,122.60859,122.745087,14.088371851851852,110.35157555555556,9.35797037037037,,,133.79796,11.246344444444432,raw/remeasure/DIV_1024MiB_4core_pipeline.json,v2-wrap-safe,d138f15304cadac2895abb787ebc95b6bf9607ba5b7fcbaf336a7ab700d8c4fe,1073741824,536870912.0,3221225472,26.284558863417328,26.267236092221275,152.42951212405166,114.74088734024313,4.865095122540565,4.380759810569555,217,4.000510682657354,1.0001276706643385,2.000271243874203,1.2321264832500955,0.18839501171811013
DIV,diagnostic,1024,8,3242,3256,75.74976962962963,75.79744851851851,0.028801343024603576,75.7514064691358,0.00038020869007017596,75.870035,75.91511560000001,0.035613538696614,75.86632593333333,0.00046942485033358536,75.785058,75.925498,7.174306666666666,55.203676296296294,5.373108148148148,62.15602962962963,1.0518948148148244,67.7451,-8.0042637037037,raw/remeasure/DIV_1024MiB_8core_diagnostic.json,v2-wrap-safe,d138f15304cadac2895abb787ebc95b6bf9607ba5b7fcbaf336a7ab700d8c4fe,1073741824,536870912.0,3221225472,42.52455799865579,42.45715020429343,299.32978164672824,199.83625759888477,9.725274619727085,7.087426333109299,218,7.909775723654811,0.9887219654568514,1.99339978924175,,
DIV,pipeline,1024,8,3257,3271,61.33752074074074,61.34320155555555,0.008547749099834264,61.33478948148148,0.0001393621657805648,61.373248,61.3876263,0.014777267906516007,61.368401733333336,0.00024079603654545678,61.33954,61.388278,7.594013333333334,55.20833777777778,4.790088148148148,,,67.5831362962963,6.2416681481481575,raw/remeasure/DIV_1024MiB_8core_pipeline.json,v2-wrap-safe,d138f15304cadac2895abb787ebc95b6bf9607ba5b7fcbaf336a7ab700d8c4fe,1073741824,536870912.0,3221225472,52.51639507268906,52.485823660497815,282.7863941947253,224.15909494590605,9.724453472245255,8.752732512114843,219,7.992996975701646,0.9991246219627058,1.997994158683828,1.2349662770004362,0.19026129002577874
DIV,diagnostic,1024,16,3272,3286,38.131805185185186,38.16984488888889,0.028062796458110467,38.135353283950614,0.0007358735147714177,38.219176,38.3341446,0.062942849121662,38.232611866666666,0.0016463130832172913,38.133206,38.393359,3.7103244444444443,27.601805185185185,2.8310244444444446,31.077603703703705,0.5257748148148171,34.1303562962963,-4.001575555555554,raw/remeasure/DIV_1024MiB_16core_diagnostic.json,v2-wrap-safe,d138f15304cadac2895abb787ebc95b6bf9607ba5b7fcbaf336a7ab700d8c4fe,1073741824,536870912.0,3221225472,84.47608122291302,84.28296497025474,578.7859472007839,379.2767759766586,19.450572467925273,14.079346870485505,220,15.7129641772552,0.98206026107845,1.9865246153900844,,
DIV,pipeline,1024,16,3287,3301,30.679225185185185,30.679748296296296,0.0007768840350858634,30.679054913580245,2.5322945484281253e-05,30.811092,30.9170466,0.06097764368715879,30.817549733333333,0.001978666189064449,30.747098,30.988826,4.3856488888888885,27.609452592592593,2.7163518518518517,,,34.71004740740741,4.0312592592592615,raw/remeasure/DIV_1024MiB_16core_pipeline.json,v2-wrap-safe,d138f15304cadac2895abb787ebc95b6bf9607ba5b7fcbaf336a7ab700d8c4fe,1073741824,536870912.0,3221225472,104.99696301181396,104.54759188671406,489.66155349113427,395.2881962872317,19.44518494886923,17.499493835302328,221,15.98054106055216,0.99878381628451,1.9993177914532296,1.2429194334281561,0.1954426223412955
MUL,diagnostic,1,1,3302,3316,0.43751703703703704,0.43763851851851854,6.352873720385172e-05,0.43751703703703704,0.0001452028877185732,0.456488,0.5050534,0.02076033366715064,0.4669816,0.04445642754907397,0.448279,0.510442,0.05542592592592593,0.2769081481481481,0.036362962962962965,0.3358,0.009929629629629615,0.3686911111111111,-0.06881777777777776,raw/sweep/MUL_1MiB_1core_diagnostic.json,v1-latched64,740e60f3966a30d58dd8e532f11666614786d21e218e6a6a07c1623565eaf1ac,1048576,524288.0,3145728,7.189955438772331,6.891151574630658,37.83702238556632,28.836374006926054,1.893364292478319,1.198325906462055,222,1.0,1.0,,,
MUL,pipeline,1,1,3317,3331,0.3290414814814815,0.32910903703703703,3.152591531738684e-05,0.3290578271604938,9.580661122523753e-05,0.347513,0.39546849999999995,0.020273443448676074,0.35666553333333334,0.05684161084813561,0.341049,0.416731,0.05542,0.27628444444444444,0.03626962962962963,,,0.3679725925925925,0.03889037037037041,raw/sweep/MUL_1MiB_1core_pipeline.json,v1-latched64,740e60f3966a30d58dd8e532f11666614786d21e218e6a6a07c1623565eaf1ac,1048576,524288.0,3145728,9.560277889087494,9.052116035946856,37.84106820642368,28.910579201045667,1.8976385046007336,1.5933796481812492,223,1.0,1.0,,1.3296713686893018,0.2479344719697688
MUL,diagnostic,1,2,3332,3346,0.22132148148148148,0.22142644444444445,0.00010111461900615216,0.22129362962962962,0.0004569251233096212,0.236501,0.25353719999999996,0.009310183333062683,0.23955953333333332,0.03886375634280477,0.232374,0.268583,0.027806666666666667,0.1384548148148148,0.020563703703703702,0.1679037037037037,0.005008888888888872,0.1868511111111111,-0.034462962962962945,raw/sweep/MUL_1MiB_2core_diagnostic.json,v1-latched64,740e60f3966a30d58dd8e532f11666614786d21e218e6a6a07c1623565eaf1ac,1048576,524288.0,3145728,14.213387597729463,13.301119234168144,75.41903620234956,50.99159252188322,3.7867083257540903,2.3688979329549107,224,1.9768394559280282,0.9884197279640141,1.9768394559280282,,
MUL,pipeline,1,2,3347,3361,0.16546,0.16550177777777778,2.5147809178661107e-05,0.16546,0.00015198724270918112,0.185957,0.1977642,0.008049379019526908,0.1866388,0.04312811172985954,0.174866,0.197907,0.02772,0.1381548148148148,0.018276296296296297,,,0.18416666666666667,0.018706666666666677,raw/sweep/MUL_1MiB_2core_pipeline.json,v1-latched64,740e60f3966a30d58dd8e532f11666614786d21e218e6a6a07c1623565eaf1ac,1048576,524288.0,3145728,19.012014988516864,16.91642691589991,75.65483405483405,57.373550034450616,3.794931075712164,3.1686691647528105,225,1.988646690931231,0.9943233454656155,1.988646690931231,1.3376132085185632,0.25239972689300627
MUL,diagnostic,1,4,3362,3376,0.11197333333333333,0.11212585185185185,0.0002598589989344083,0.11188553086419753,0.002322543379177558,0.132448,0.16554489999999994,0.01946505646928313,0.13822126666666668,0.14082533707511818,0.122764,0.201996,0.013914074074074073,0.06922814814814815,0.011531851851851852,0.08396148148148148,0.002561481481481491,0.09467851851851851,-0.01729555555555555,raw/sweep/MUL_1MiB_4core_diagnostic.json,v1-latched64,740e60f3966a30d58dd8e532f11666614786d21e218e6a6a07c1623565eaf1ac,1048576,524288.0,3145728,28.09354608240057,23.750664411693645,150.72163543441226,90.92867420349434,7.57333561599863,4.682257680400096,226,3.9073324336482234,0.9768331084120558,1.9765552644809612,,
MUL,pipeline,1,4,3377,3391,0.08366296296296297,0.08371762962962963,2.865960656627306e-05,0.08367061728395062,0.00034252892468824225,0.095453,0.7229142999999979,0.5371418480653832,0.23415733333333333,2.2939356219125457,0.092445,2.175793,0.013977777777777778,0.06908296296296296,0.009082962962962963,,,0.09214222222222222,0.008474074074074092,raw/sweep/MUL_1MiB_4core_pipeline.json,v1-latched64,740e60f3966a30d58dd8e532f11666614786d21e218e6a6a07c1623565eaf1ac,1048576,524288.0,3145728,37.60000708309354,32.95577928404555,150.03472178060412,115.4442668406459,7.589251785293047,6.266667847182256,227,3.932940811899597,0.9832352029748993,1.9776971092124485,1.3383859400593208,0.25283136196448885
MUL,diagnostic,1,8,3392,3406,0.05811925925925926,0.058271555555555556,0.00014652589756421568,0.05807017283950617,0.0025232557507480244,0.072941,0.12674949999999996,0.024458919943058655,0.08449573333333334,0.28946929008319144,0.06958,0.15588,0.007224444444444445,0.034614814814814814,0.007497037037037037,0.041983703703703704,0.0013911111111111095,0.04933925925925926,-0.008762222222222227,raw/sweep/MUL_1MiB_8core_diagnostic.json,v1-latched64,740e60f3966a30d58dd8e532f11666614786d21e218e6a6a07c1623565eaf1ac,1048576,524288.0,3145728,54.125397331158155,43.127020468597905,290.28557366964014,139.86538879557355,15.146347100363792,9.020899555193026,228,7.5279183288512765,0.9409897911064096,1.926613221855444,,
MUL,pipeline,1,8,3407,3421,0.04304888888888889,0.04308222222222222,1.9964433723179534e-05,0.0430515061728395,0.0004637336878070661,0.057212,0.1076127999999999,0.032100046814978474,0.06860533333333334,0.46789433496392613,0.05422,0.181768,0.008445925925925926,0.034545185185185186,0.005058518518518519,,,0.048067407407407406,0.005023703703703704,raw/sweep/MUL_1MiB_8core_pipeline.json,v1-latched64,740e60f3966a30d58dd8e532f11666614786d21e218e6a6a07c1623565eaf1ac,1048576,524288.0,3145728,73.07338426595086,54.98370971124939,248.30338537098754,207.28914921657636,15.176876232953083,12.178897377658478,229,7.643437263404227,0.9554296579255284,1.9434407047973021,1.3500757106476702,0.2593007991231312
MUL,diagnostic,1,16,3422,3436,0.031562962962962966,0.03177503703703703,0.00011856033213020205,0.03158720987654321,0.003753428447576987,0.094445,0.23773329999999993,0.06818504077770389,0.111585,0.6110591995134103,0.050494,0.295218,0.004172592592592592,0.017307407407407407,0.005644444444444444,0.020996296296296298,0.0007785185185185161,0.027102962962962964,-0.004469629629629632,raw/sweep/MUL_1MiB_16core_diagnostic.json,v1-latched64,740e60f3966a30d58dd8e532f11666614786d21e218e6a6a07c1623565eaf1ac,1048576,524288.0,3145728,99.66516780098569,33.30751230875112,502.6016687377952,185.77133858267717,30.292694200727585,16.610861300164277,230,13.86172260032856,0.866357662520535,1.8413752640225298,,
MUL,pipeline,1,16,3437,3451,0.023485185185185185,0.023532222222222222,3.900734457708753e-05,0.023480197530864198,0.0016612869004110054,0.050993,0.0979458,0.02113286048336864,0.057906733333333335,0.3649465142804689,0.037239,0.100603,0.0070140740740740745,0.017272592592592593,0.0041066666666666665,,,0.028436296296296296,0.004959999999999999,raw/sweep/MUL_1MiB_16core_pipeline.json,v1-latched64,740e60f3966a30d58dd8e532f11666614786d21e218e6a6a07c1623565eaf1ac,1048576,524288.0,3145728,133.94520738053933,61.68940835016571,298.9919949308269,255.33506493506493,30.353752465906165,22.32420123008989,231,14.01059769752405,0.8756623560952531,1.8330231824633338,1.3439520580350104,0.2559258390049285
MUL,diagnostic,2,1,3452,3466,0.8750629629629629,0.8752028888888889,0.0001507128964745762,0.8750204938271605,0.00017223927615156627,0.895713,0.9815145,0.03818947340277098,0.9137219333333333,0.04179550912546513,0.884448,1.019766,0.1110162962962963,0.5538148148148148,0.07268370370370371,0.6715822222222222,0.019764444444444376,0.7375162962962962,-0.1375385185185185,raw/sweep/MUL_2MiB_1core_diagnostic.json,v1-latched64,740e60f3966a30d58dd8e532f11666614786d21e218e6a6a07c1623565eaf1ac,2097152,1048576.0,6291456,7.1897180731968495,7.023964149230836,37.78097576598698,28.85312515923891,1.8933693573196015,1.1982863455328083,232,1.0,1.0,,,
MUL,pipeline,2,1,3467,3481,0.6562511111111111,0.6562884444444445,1.8133276849737428e-05,0.6562576790123457,2.76313366375044e-05,0.679082,0.7360669,0.027348105436774822,0.6867274666666666,0.03982381186749507,0.666885,0.774709,0.11058148148148148,0.5525659259259259,0.07250148148148149,,,0.73566,0.07936222222222222,raw/sweep/MUL_2MiB_1core_pipeline.json,v1-latched64,740e60f3966a30d58dd8e532f11666614786d21e218e6a6a07c1623565eaf1ac,2097152,1048576.0,6291456,9.586964339531276,9.264648451880628,37.92953344274375,28.925643409585497,1.897648680097163,1.5978273899218793,233,1.0,1.0,,1.333427019241731,0.25005269462091617
MUL,diagnostic,2,2,3482,3496,0.44301703703703704,0.4432595555555556,0.00013253312688184328,0.4430410864197531,0.0002991440995977439,0.46079,0.47027759999999996,0.005908065306567508,0.46053066666666664,0.012828820606736667,0.453163,0.470713,0.05534888888888889,0.2769074074074074,0.041934814814814814,0.3357962962962963,0.009940740740740708,0.37419037037037034,-0.06883629629629628,raw/sweep/MUL_2MiB_2core_diagnostic.json,v1-latched64,740e60f3966a30d58dd8e532f11666614786d21e218e6a6a07c1623565eaf1ac,2097152,1048576.0,6291456,14.201386118416982,13.653629636059812,75.77937126109126,50.009807108033634,3.786738714639203,2.3668976864028304,234,1.9752354645670345,0.9876177322835172,1.9752354645670345,,
MUL,pipeline,2,2,3497,3511,0.3290851851851852,0.32914081481481483,3.14350316105811e-05,0.32908943209876546,9.552124299496467e-05,0.362652,0.39147099999999996,0.015411683090929367,0.36542986666666666,0.04217412011642553,0.349634,0.398023,0.05457925925925926,0.27631925925925926,0.0362762962962963,,,0.36717481481481484,0.03805333333333333,raw/sweep/MUL_2MiB_2core_pipeline.json,v1-latched64,740e60f3966a30d58dd8e532f11666614786d21e218e6a6a07c1623565eaf1ac,2097152,1048576.0,6291456,19.118016499161534,17.348466298269418,76.84794658125459,57.810532334143296,3.794798823690256,3.1863360831935896,235,1.9941678952877224,0.9970839476438612,1.9941678952877224,1.3462077813917368,0.2571726193959599
MUL,diagnostic,2,4,3512,3526,0.22236814814814815,0.22314111111111112,0.00034886782158915586,0.22243461728395061,0.0015684061494070682,0.234183,0.24383669999999996,0.006759514816344505,0.23543213333333332,0.028711096997002274,0.230934,0.259194,0.02782888888888889,0.13845407407407406,0.02167037037037037,0.1679037037037037,0.00502592592592593,0.18789185185185187,-0.03447851851851849,raw/sweep/MUL_2MiB_4core_diagnostic.json,v1-latched64,740e60f3966a30d58dd8e532f11666614786d21e218e6a6a07c1623565eaf1ac,2097152,1048576.0,6291456,28.2929729477643,26.865553861723523,150.71762357262637,96.77508801914202,7.573457169913276,4.7154954912940505,236,3.935199219179405,0.9837998047948513,1.992268410410497,,
MUL,pipeline,2,4,3527,3541,0.16547481481481482,0.16551155555555555,2.1709547702059977e-05,0.16547753086419753,0.00013119332630045317,0.178444,0.2611612,0.029314127019643775,0.19507693333333334,0.15026957067012078,0.17591,0.264202,0.027451851851851852,0.13816148148148147,0.018438518518518517,,,0.18401037037037035,0.018525925925925918,raw/sweep/MUL_2MiB_4core_pipeline.json,v1-latched64,740e60f3966a30d58dd8e532f11666614786d21e218e6a6a07c1623565eaf1ac,2097152,1048576.0,6291456,38.020625719030754,35.25731321871287,152.7876524554776,113.73755423429215,7.589495919964829,6.336770953171793,237,3.9658670223957095,0.9914667555989274,1.9887327600485247,1.343818685622966,0.2558519905262211
MUL,diagnostic,2,8,3542,3556,0.1140762962962963,0.11444725925925926,0.00022616655875693485,0.1141000987654321,0.0019821767132900546,0.129511,0.15724119999999997,0.012511103593360957,0.13650146666666665,0.09165545176091605,0.124761,0.170978,0.014162962962962962,0.06922814814814815,0.013402222222222222,0.08396,0.002611111111111116,0.09674888888888888,-0.017343703703703695,raw/sweep/MUL_2MiB_8core_diagnostic.json,v1-latched64,740e60f3966a30d58dd8e532f11666614786d21e218e6a6a07c1623565eaf1ac,2097152,1048576.0,6291456,55.15129965000681,48.578545451737696,296.14594142259415,156.47793069142762,15.14667123199726,9.191883275001137,238,7.670857061226079,0.9588571326532599,1.949293195587099,,
MUL,pipeline,2,8,3557,3571,0.08394444444444445,0.08400525925925927,2.7461979132321734e-05,0.083952,0.0003271152460015453,0.123291,0.6757542999999985,0.39576829405308067,0.2362604,1.675135968842348,0.095614,1.660137,0.01631037037037037,0.06908444444444445,0.009817777777777778,,,0.09518148148148148,0.011151851851851843,raw/sweep/MUL_2MiB_8core_pipeline.json,v1-latched64,740e60f3966a30d58dd8e532f11666614786d21e218e6a6a07c1623565eaf1ac,2097152,1048576.0,6291456,74.94785440105889,51.02932087500304,257.1556564784958,213.6076052512449,15.178178075141533,12.49130906684315,239,7.817683653209794,0.9772104566512243,1.9712420030884625,1.3589499227884403,0.2641377116030207
MUL,diagnostic,2,16,3572,3586,0.06049037037037037,0.060806296296296296,0.00021332441682326458,0.06044893827160494,0.003529001880310457,0.092295,0.1597974,0.031834194061612135,0.10489746666666667,0.30347915038569856,0.073726,0.163646,0.007953333333333333,0.034614814814814814,0.009118518518518519,0.041982962962962965,0.0014014814814814792,0.05171333333333333,-0.00877555555555555,raw/sweep/MUL_2MiB_16core_diagnostic.json,v1-latched64,740e60f3966a30d58dd8e532f11666614786d21e218e6a6a07c1623565eaf1ac,2097152,1048576.0,6291456,104.00756288114422,68.1668129367788,527.3642917015926,229.98823720552397,30.292694200727585,17.334593813524037,240,14.466153167936127,0.904134572996008,1.8858587837672358,,
MUL,pipeline,2,16,3587,3601,0.04394370370370371,0.043976148148148146,3.456724615151579e-05,0.043933728395061725,0.0007868042939738584,0.06853,0.20014289999999987,0.05943168037871801,0.09333793333333333,0.6367366220384639,0.057642,0.275304,0.01286962962962963,0.03453777777777778,0.00909925925925926,,,0.05667481481481482,0.012735555555555562,raw/sweep/MUL_2MiB_16core_pipeline.json,v1-latched64,740e60f3966a30d58dd8e532f11666614786d21e218e6a6a07c1623565eaf1ac,2097152,1048576.0,6291456,143.17081788146447,91.80586604406831,325.907125589962,230.47502442201235,30.3602625144769,23.861802980244082,241,14.933905333423235,0.9333690833389522,1.9102724024003774,1.3765423774526329,0.27354216159290723
MUL,diagnostic,4,1,3602,3616,1.7499385185185186,1.7503765185185185,0.0002292839977193328,1.7500105679012345,0.0001310186360727582,1.784628,1.8304926,0.021525666592631765,1.7864036,0.012049721906422358,1.767687,1.843682,0.22192,1.1076274074074075,0.14540592592592594,1.343162962962963,0.039442222222222184,1.474957777777778,-0.27497555555555553,raw/sweep/MUL_4MiB_1core_diagnostic.json,v1-latched64,740e60f3966a30d58dd8e532f11666614786d21e218e6a6a07c1623565eaf1ac,4194304,2097152.0,12582912,7.190488046775823,7.050719813877177,37.8001441961067,28.84548186940264,1.893373155968346,1.1984146744626372,242,1.0,1.0,,,
MUL,pipeline,4,1,3617,3631,1.3106948148148148,1.3107691851851853,3.233883902531108e-05,1.3107063703703703,2.467283272314683e-05,1.333756,1.3474854,0.007949477217312591,1.3350772,0.005954320257519634,1.323068,1.352482,0.22088888888888888,1.1051377777777778,0.14499851851851853,,,1.4710303703703704,0.16032000000000002,raw/sweep/MUL_4MiB_1core_pipeline.json,v1-latched64,740e60f3966a30d58dd8e532f11666614786d21e218e6a6a07c1623565eaf1ac,4194304,2097152.0,12582912,9.600184465350015,9.434193360704656,37.97659557344064,28.926530028403864,1.8976385046007336,1.6000307442250026,243,1.0,1.0,,1.335122790400116,0.2510052205008685
MUL,diagnostic,4,2,3632,3646,0.8857533333333333,0.8860761481481482,0.0013403967871243243,0.8853376296296296,0.0015139950480643901,0.910787,0.933118,0.010478445907580729,0.9116749333333333,0.011493620724295512,0.896506,0.93484,0.11132518518518518,0.5538148148148148,0.08305555555555555,0.6715866666666667,0.01974666666666665,0.7482437037037036,-0.137517037037037,raw/sweep/MUL_4MiB_2core_diagnostic.json,v1-latched64,740e60f3966a30d58dd8e532f11666614786d21e218e6a6a07c1623565eaf1ac,4194304,2097152.0,12582912,14.205887267335527,13.815427756434818,75.35229324834152,50.499981270903014,3.786738714639203,2.3676478778892545,244,1.9756499384913617,0.9878249692456809,1.9756499384913617,,
MUL,pipeline,4,2,3647,3661,0.6562925925925925,0.6563386666666667,2.4017760754658708e-05,0.6562968888888889,3.6595877812739284e-05,0.675886,1.0373287999999987,0.3026188895397422,0.7557141333333334,0.4004409553714961,0.670781,1.849466,0.10963185185185186,0.5525948148148148,0.07264444444444444,,,0.734922962962963,0.0786148148148148,raw/sweep/MUL_4MiB_2core_pipeline.json,v1-latched64,740e60f3966a30d58dd8e532f11666614786d21e218e6a6a07c1623565eaf1ac,4194304,2097152.0,12582912,19.172716776054042,18.616914686796292,76.51615710492355,57.73743652493117,3.795098947323268,3.195452796009007,245,1.9971196225712335,0.9985598112856168,1.9971196225712335,1.3496317699309817,0.25905715745626035
MUL,diagnostic,4,4,3662,3676,0.4442422222222222,0.4447288888888889,0.00028979983902345876,0.44428503703703703,0.0006522835901837948,0.470546,0.505124,0.019206712810146048,0.4751416,0.04042313451431331,0.456113,0.531276,0.05564740740740741,0.2769081481481481,0.04308888888888889,0.33579555555555557,0.009956296296296248,0.3753888888888889,-0.06884666666666667,raw/sweep/MUL_4MiB_4core_diagnostic.json,v1-latched64,740e60f3966a30d58dd8e532f11666614786d21e218e6a6a07c1623565eaf1ac,4194304,2097152.0,12582912,28.324439620027114,26.741088012649133,150.7457110909962,97.34073233625578,7.573457169913276,4.720739936671185,246,3.9391539817283534,0.9847884954320884,1.9938522027522523,,
MUL,pipeline,4,4,3677,3691,0.32911407407407406,0.329162,2.6147903331837513e-05,0.32911461728395064,7.944923123629556e-05,0.346749,0.3935507,0.02051532538116903,0.3543559333333333,0.057894685685623344,0.339256,0.414739,0.05514296296296296,0.2763111111111111,0.03639851851851852,,,0.3678429629629629,0.03872888888888887,raw/sweep/MUL_4MiB_4core_pipeline.json,v1-latched64,740e60f3966a30d58dd8e532f11666614786d21e218e6a6a07c1623565eaf1ac,4194304,2097152.0,12582912,38.232676725845366,36.28824308072986,152.12472361404028,115.2328218486711,7.589821457294514,6.372112787640895,247,3.9824939680939178,0.9956234920234794,1.9941188915697359,1.349812290683856,0.2591562494268226
MUL,diagnostic,4,8,3692,3706,0.2256037037037037,0.2268768148148148,0.0006249163685636165,0.22580780246913582,0.0027674702190551284,0.289457,0.34329829999999995,0.039795195973168135,0.2794876,0.14238626677236535,0.239159,0.37902,0.028157777777777778,0.13845407407407406,0.024523703703703704,0.16790814814814814,0.005065185185185166,0.19108666666666668,-0.03452074074074074,raw/sweep/MUL_4MiB_8core_diagnostic.json,v1-latched64,740e60f3966a30d58dd8e532f11666614786d21e218e6a6a07c1623565eaf1ac,4194304,2097152.0,12582912,55.77440349350713,43.47074695032422,297.91441875147973,171.03060984081915,15.146914339826552,9.295733915584524,248,7.756692331686176,0.969586541460772,1.9691264590481505,,
MUL,pipeline,4,8,3707,3721,0.1657377777777778,0.16578133333333334,2.7630532726588637e-05,0.16573753086419754,0.00016671258816585493,0.195636,0.3286422999999999,0.06278538882741369,0.22436673333333335,0.27983376989375586,0.17803,0.40621,0.033287407407407404,0.13817185185185185,0.021185925925925927,,,0.19264592592592594,0.0269162962962963,raw/sweep/MUL_4MiB_8core_pipeline.json,v1-latched64,740e60f3966a30d58dd8e532f11666614786d21e218e6a6a07c1623565eaf1ac,4194304,2097152.0,12582912,75.92060282641924,64.31797828620499,252.00544750545197,197.97595888255654,15.177852593656853,12.653433804403207,249,7.908244169728173,0.9885305212160216,1.9857517005890606,1.361208691998963,0.26535879040598875
MUL,diagnostic,4,16,3722,3736,0.1170437037037037,0.11745177777777778,0.0002868081353894518,0.1170474074074074,0.002450358719960003,0.151494,0.21518659999999998,0.030818407685296506,0.1603934,0.19214261737263819,0.131282,0.233731,0.01489925925925926,0.0692274074074074,0.01564074074074074,0.08396074074074074,0.002620740740740743,0.0996985185185185,-0.017354814814814823,raw/sweep/MUL_4MiB_16core_diagnostic.json,v1-latched64,740e60f3966a30d58dd8e532f11666614786d21e218e6a6a07c1623565eaf1ac,4194304,2097152.0,12582912,107.50609901967609,83.0588142104638,563.0218156507905,268.16530428605256,30.293666606032723,17.917683169946017,250,14.951154681062471,0.9344471675664044,1.9275167870184609,,
MUL,pipeline,4,16,3737,3751,0.08486,0.084948,5.2103295606179724e-05,0.08486612345679012,0.0006139469258626889,0.146447,0.2360328999999999,0.051412920615717755,0.15874366666666667,0.32387383821538973,0.097775,0.293988,0.03073703703703704,0.06907037037037037,0.019484444444444443,,,0.11782444444444444,0.03292296296296296,raw/sweep/MUL_4MiB_16core_pipeline.json,v1-latched64,740e60f3966a30d58dd8e532f11666614786d21e218e6a6a07c1623565eaf1ac,4194304,2097152.0,12582912,148.2784822059863,85.92126844523958,272.9153102783468,215.26423357664237,30.3625416912435,24.713080367664386,251,15.445378444671396,0.9653361527919623,1.953073035326158,1.3792564659875524,0.2749716788284211
MUL,diagnostic,8,1,3752,3766,3.499694814814815,3.5000564444444446,0.00022256960502487307,3.499733925925926,6.359615037477106e-05,3.54448,3.6393774999999997,0.04586076806482022,3.5663072666666666,0.01285945507092693,3.516727,3.644869,0.4437748148148148,2.215254814814815,0.29084592592592595,2.68630962962963,0.0787977777777778,2.9498703703703706,-0.549851851851852,raw/sweep/MUL_8MiB_1core_diagnostic.json,v1-latched64,740e60f3966a30d58dd8e532f11666614786d21e218e6a6a07c1623565eaf1ac,8388608,4194304.0,25165824,7.1908624413388,7.100004514061301,37.805696582851496,28.84210247502814,1.893373155968346,1.1984770735564667,252,1.0,1.0,,,
MUL,pipeline,8,1,3767,3781,2.619657037037037,2.619712148148148,4.268492407726905e-05,2.619654222222222,1.629410618973214e-05,2.649825,2.674699,0.014611332530412373,2.6495488,0.0055146493359217895,2.628927,2.675133,0.44256,2.2102222222222223,0.2901548148148148,,,2.9429214814814815,0.32324666666666646,raw/sweep/MUL_8MiB_1core_pipeline.json,v1-latched64,740e60f3966a30d58dd8e532f11666614786d21e218e6a6a07c1623565eaf1ac,8388608,4194304.0,25165824,9.606533849356023,9.497164529733094,37.90947216196674,28.910800619847898,1.8976842951940478,1.6010889748926702,253,1.0,1.0,,1.3359362562868704,0.25146129143959217
MUL,diagnostic,8,2,3782,3796,1.7689496296296296,1.7697268148148149,0.00033875134302591375,1.7690441975308642,0.0001914883435352969,1.810535,1.8476889,0.024720194347941527,1.8100578,0.01365712981538022,1.78051,1.862503,0.22243925925925925,1.1076281481481483,0.16390074074074074,1.3431614814814814,0.03940740740740756,1.49400962962963,-0.27494148148148145,raw/sweep/MUL_8MiB_2core_diagnostic.json,v1-latched64,740e60f3966a30d58dd8e532f11666614786d21e218e6a6a07c1623565eaf1ac,8388608,4194304.0,25165824,14.226422040784193,13.899661702204044,75.42380808077444,51.18102555295436,3.7867437795008083,2.3710703401306987,254,1.9784027516643063,0.9892013758321532,1.9784027516643063,,
MUL,pipeline,8,2,3797,3811,1.3107044444444444,1.310775925925926,3.0318965400306815e-05,1.3107154074074074,2.3131615932002866e-05,1.337455,1.400637,0.026454943221042308,1.3448126,0.019671843661371338,1.320701,1.414987,0.2208725925925926,1.1051377777777778,0.14562074074074075,,,1.4716407407407408,0.16094888888888903,raw/sweep/MUL_8MiB_2core_pipeline.json,v1-latched64,740e60f3966a30d58dd8e532f11666614786d21e218e6a6a07c1623565eaf1ac,8388608,4194304.0,25165824,19.20022786728765,18.816202414286835,75.95879508213214,57.60585997110709,3.795277009201467,3.200037977881275,255,1.9986634272438175,0.9993317136219088,1.9986634272438175,1.3496174802240921,0.25904931237704565
MUL,diagnostic,8,4,3812,3826,0.88756,0.8890035555555555,0.0007206345974251295,0.8876949629629629,0.0008118043105931157,0.912971,0.9352873,0.012312598723026993,0.9138682,0.013473057409183286,0.898724,0.939159,0.1114037037037037,0.5538148148148148,0.08470592592592592,0.6715866666666667,0.019764444444444335,0.7500066666666666,-0.13753259259259254,raw/sweep/MUL_8MiB_4core_diagnostic.json,v1-latched64,740e60f3966a30d58dd8e532f11666614786d21e218e6a6a07c1623565eaf1ac,8388608,4194304.0,25165824,28.353941142007297,27.564757259540553,150.59836829681836,99.0321268353257,7.573477429278406,4.725656857001217,256,3.9430515287020764,0.9857628821755191,1.9930479400036387,,
MUL,pipeline,8,4,3827,3841,0.6563088888888889,0.6563448888888889,2.2304726326788263e-05,0.6563102716049383,3.398503313416745e-05,0.702502,0.7643317,0.03478039588303952,0.7144937333333333,0.04867837779455148,0.676665,0.769693,0.11137037037037037,0.5525940740740741,0.07327703703703704,,,0.7369822222222222,0.08067777777777774,raw/sweep/MUL_8MiB_4core_pipeline.json,v1-latched64,740e60f3966a30d58dd8e532f11666614786d21e218e6a6a07c1623565eaf1ac,8388608,4194304.0,25165824,38.34448142642861,35.82313502310314,150.64344263385433,114.47799118515223,7.590208069147267,6.390746904404768,257,3.9915001630894213,0.9978750407723553,1.997084706049658,1.3523510271247616,0.2605470177915984
MUL,diagnostic,8,8,3842,3856,0.4480222222222222,0.4497980740740741,0.0009949164090105344,0.44816854320987654,0.002219960378934085,0.496559,0.5963890999999999,0.04713575097807042,0.5126724666666667,0.09194125692870007,0.46309,0.636252,0.05591037037037037,0.2769081481481481,0.046462222222222224,0.3358,0.010000740740740734,0.37913407407407407,-0.06889629629629629,raw/sweep/MUL_8MiB_8core_diagnostic.json,v1-latched64,740e60f3966a30d58dd8e532f11666614786d21e218e6a6a07c1623565eaf1ac,8388608,4194304.0,25165824,56.17092802936362,50.68043072424425,300.0734190967024,180.54685287928066,15.146914339826552,9.361821338227271,258,7.81143131127755,0.9764289139096938,1.9810624472992413,,
MUL,pipeline,8,8,3857,3871,0.3293348148148148,0.3293952592592592,3.204869245933706e-05,0.32934464197530866,9.731050205377194e-05,0.370477,0.478572,0.04669987251313281,0.3973672,0.11752321911102077,0.346044,0.480861,0.06670740740740741,0.2763303703703704,0.04020962962962963,,,0.3844666666666666,0.055096296296296254,raw/sweep/MUL_8MiB_8core_pipeline.json,v1-latched64,740e60f3966a30d58dd8e532f11666614786d21e218e6a6a07c1623565eaf1ac,8388608,4194304.0,25165824,76.41410160098246,67.92816828035208,251.50454277941256,208.62186688281784,15.178584946628565,12.735683600163743,259,7.9543884193053565,0.9942985524131696,1.9928317911300446,1.3603852434312036,0.26491410809648985
MUL,diagnostic,8,16,3872,3886,0.22860962962962963,0.23013822222222222,0.0008553909214999245,0.22875698765432098,0.003739299639635585,0.25573,0.3456985999999998,0.054013727728191824,0.2785263333333333,0.1939268258112943,0.243528,0.461179,0.028957037037037038,0.1384548148148148,0.026676296296296295,0.1679074074074074,0.005077037037037033,0.19406518518518517,-0.034531111111111124,raw/sweep/MUL_8MiB_16core_diagnostic.json,v1-latched64,740e60f3966a30d58dd8e532f11666614786d21e218e6a6a07c1623565eaf1ac,8388608,4194304.0,25165824,110.08208202240273,98.40778946545184,579.3830348920495,314.4592452725405,30.293666606032723,18.347013670400454,260,15.3086062931149,0.9567878933196813,1.9597696866403345,,
MUL,pipeline,8,16,3887,3901,0.16657851851851851,0.16663074074074075,2.5740632890291177e-05,0.16658854320987654,0.00015451622539169364,0.211571,0.2911795,0.03460909075840927,0.22085246666666666,0.1567068336648686,0.183333,0.29175,0.05958740740740741,0.13814222222222222,0.037134814814814815,,,0.23476,0.06818148148148148,raw/sweep/MUL_8MiB_16core_pipeline.json,v1-latched64,740e60f3966a30d58dd8e532f11666614786d21e218e6a6a07c1623565eaf1ac,8388608,4194304.0,25165824,151.0748458073381,118.94741717910298,281.55640142709746,225.89605042687305,30.362216073611737,25.179140967889687,261,15.72625966622347,0.9828912291389669,1.9770545310630956,1.3723836162236918,0.27134076203004964
MUL,diagnostic,16,1,3902,3916,7.001141481481482,7.002364444444445,0.000921381936586662,7.001104938271605,0.00013160521727790698,7.074672,7.1526593,0.044961590205206806,7.085714266666667,0.006345385731501997,7.020262,7.173303,0.8894266666666667,4.4305081481481485,0.5816474074074074,5.3726,0.15748888888888868,5.9015696296296305,-1.0995748148148143,raw/sweep/MUL_16MiB_1core_diagnostic.json,v1-latched64,740e60f3966a30d58dd8e532f11666614786d21e218e6a6a07c1623565eaf1ac,16777216,8388608.0,50331648,7.189063116797567,7.114343675579589,37.72591182334688,28.844306338064044,1.893373789077952,1.1981771861329278,262,1.0,1.0,,,
MUL,pipeline,16,1,3917,3931,5.23738,5.237464518518519,0.00010017999347584657,5.2373646913580245,1.912793921743692e-05,5.277129,5.3843169,0.05333521410109385,5.294559266666667,0.010073589021258133,5.261011,5.471119,0.883345925925926,4.420556296296296,0.5799777777777778,,,5.883898518518519,0.6464992592592598,raw/sweep/MUL_16MiB_1core_pipeline.json,v1-latched64,740e60f3966a30d58dd8e532f11666614786d21e218e6a6a07c1623565eaf1ac,16777216,8388608.0,50331648,9.610081376566146,9.537695212680987,37.98560792005481,28.927342810069348,1.8976362787254362,1.601680229427691,263,1.0,1.0,,1.3367640846151094,0.2519248448480518
MUL,diagnostic,16,2,3932,3946,3.543171851851852,3.543731185185185,0.0005210139398402461,3.543000098765432,0.00014705445253072243,3.618599,3.7096363,0.0495694658570413,3.631688733333333,0.013649150435737958,3.566372,3.718401,0.4425585185185185,2.215254814814815,0.33539851851851854,2.6863074074074076,0.07885777777777764,2.993268888888889,-0.549908888888889,raw/sweep/MUL_16MiB_2core_diagnostic.json,v1-latched64,740e60f3966a30d58dd8e532f11666614786d21e218e6a6a07c1623565eaf1ac,16777216,8388608.0,50331648,14.205251707927737,13.90915323858764,75.81919813073476,50.02173555836285,3.786746311936692,2.3675419513212894,264,1.9759531217268813,0.9879765608634407,1.9759531217268813,,
MUL,pipeline,16,2,3947,3961,2.6196562962962964,2.619708296296296,6.377654668031366e-05,2.6196377283950616,2.434555968904402e-05,2.652803,2.7580135,0.04352147735150017,2.669836,0.016301180054318007,2.631759,2.766858,0.44026074074074073,2.2103244444444443,0.2902133333333333,,,2.9407674074074075,0.32110518518518516,raw/sweep/MUL_16MiB_2core_pipeline.json,v1-latched64,740e60f3966a30d58dd8e532f11666614786d21e218e6a6a07c1623565eaf1ac,16777216,8388608.0,50331648,19.2130731314484,18.973006288065868,76.21490833714701,57.80994211155012,3.7951930636628513,3.2021788552414003,265,1.9992622724609617,0.9996311362304808,1.9992622724609617,1.352533100186171,0.26064656024879984
MUL,diagnostic,16,4,3962,3976,1.7727555555555556,1.7743262222222222,0.0021915583658824434,1.7719361975308643,0.0012368156195106286,1.803343,1.8892290999999999,0.039122038744104824,1.8161579333333333,0.021541099496948022,1.783292,1.93724,0.22256444444444445,1.1076281481481483,0.16739925925925925,1.3431614814814814,0.03944444444444453,1.4977866666666668,-0.2749733333333333,raw/sweep/MUL_16MiB_4core_diagnostic.json,v1-latched64,740e60f3966a30d58dd8e532f11666614786d21e218e6a6a07c1623565eaf1ac,16777216,8388608.0,50331648,28.391758718379418,27.910191239270624,150.76276933522374,100.2227612848413,7.573487559001617,4.731959786396571,266,3.9492988525919053,0.9873247131479763,1.9986804389065775,,
MUL,pipeline,16,4,3977,3991,1.3107525925925927,1.3107885925925926,4.3078540639874886e-05,1.3107344691358025,3.2865955427476905e-05,1.361579,1.4208946,0.03302233887292198,1.3663887333333333,0.02416760184516694,1.329131,1.436499,0.22237407407407409,1.1051866666666668,0.14601037037037037,,,1.4741918518518518,0.16352296296296287,raw/sweep/MUL_16MiB_4core_pipeline.json,v1-latched64,740e60f3966a30d58dd8e532f11666614786d21e218e6a6a07c1623565eaf1ac,16777216,8388608.0,50331648,38.39904516263204,36.96564650306739,150.89183457970387,114.90427671296813,7.590218243675276,6.3998408604386725,267,3.9957044751220105,0.9989261187805026,1.9985894447973342,1.3524715232865936,0.26061289810380994
MUL,diagnostic,16,8,3992,4006,0.8931718518518519,0.8967024444444445,0.0017754974764229714,0.8939847901234568,0.0019860488635134164,0.95295,1.0334984999999999,0.046007499475939476,0.9647028,0.047690853054370194,0.91697,1.076223,0.11238222222222222,0.5538148148148148,0.08948444444444445,0.6715866666666667,0.019807407407407412,0.7555785185185184,-0.1375792592592593,raw/sweep/MUL_16MiB_8core_diagnostic.json,v1-latched64,740e60f3966a30d58dd8e532f11666614786d21e218e6a6a07c1623565eaf1ac,16777216,8388608.0,50331648,56.351583287858,52.81667243821817,298.5741991615914,187.48751365848813,15.146954858556812,9.391930547976333,268,7.8385155857360616,0.9798144482170077,1.984786636390326,,
MUL,pipeline,16,8,4007,4021,0.6565362962962963,0.656573037037037,1.9820212223718162e-05,0.6565427160493827,3.0188762648959704e-05,0.753627,0.7727883,0.02981869942837883,0.7384558,0.04037980259397899,0.686698,0.773475,0.12806222222222222,0.5526518518518518,0.07590814814814814,,,0.7561066666666668,0.09958222222222235,raw/sweep/MUL_16MiB_8core_pipeline.json,v1-latched64,740e60f3966a30d58dd8e532f11666614786d21e218e6a6a07c1623565eaf1ac,16777216,8388608.0,50331648,76.66239975449159,66.78588744830002,262.0166308044701,221.01996174714083,15.178829079991422,12.777066625748597,269,7.977289343400382,0.9971611679250477,1.9964663035188037,1.3604302715485534,0.2649384382914989
MUL,diagnostic,16,16,4022,4036,0.4537496296296296,0.45786622222222223,0.002180378677002172,0.4545447901234568,0.004796840101082161,0.554525,0.6147139999999999,0.04491873455930748,0.5511664666666667,0.08149758244721614,0.489124,0.663721,0.05767407407407407,0.2769081481481481,0.050682962962962964,0.3358037037037037,0.009990370370370358,0.3848696296296296,-0.0688807407407408,raw/sweep/MUL_16MiB_16core_diagnostic.json,v1-latched64,740e60f3966a30d58dd8e532f11666614786d21e218e6a6a07c1623565eaf1ac,16777216,8388608.0,50331648,110.92383268958898,90.76533609846264,581.7940303108143,331.0227938382391,30.293828679653103,18.48730544826483,270,15.429525501092135,0.9643453438182584,1.9684244207116994,,
MUL,pipeline,16,16,4037,4051,0.33020814814814814,0.33027325925925927,3.94969345459476e-05,0.3302143703703704,0.00011960998093949578,0.436244,0.5622453,0.05994080611244334,0.4391738666666667,0.13648536641625458,0.367117,0.585234,0.11920814814814815,0.276262962962963,0.0717725925925926,,,0.4659777777777778,0.13576888888888894,raw/sweep/MUL_16MiB_16core_pipeline.json,v1-latched64,740e60f3966a30d58dd8e532f11666614786d21e218e6a6a07c1623565eaf1ac,16777216,8388608.0,50331648,152.4240037148286,115.37499197696701,281.4776717972299,233.75518974538923,30.364576959686822,25.4040006191381,271,15.860844226200758,0.9913027641375474,1.9882498356816465,1.374132141118621,0.272267950019753
MUL,diagnostic,32,1,4052,4066,14.002965925925926,14.004318074074074,0.0013282606286430228,14.002715950617285,9.485735719608515e-05,14.064943,14.1633927,0.041482090870409806,14.082579866666666,0.002945631500986373,14.037521,14.176027,1.779571851851852,8.861014814814816,1.16334,10.745188148148149,0.3149059259259255,11.803917037037039,-2.199078518518519,raw/sweep/MUL_32MiB_1core_diagnostic.json,v1-latched64,740e60f3966a30d58dd8e532f11666614786d21e218e6a6a07c1623565eaf1ac,33554432,16777216.0,100663296,7.188712486518729,7.157035474654963,37.71067963913084,28.8431859989341,1.8933741056329139,1.1981187477531214,272,1.0,1.0,,,
MUL,pipeline,32,1,4067,4081,10.472976296296297,10.473052222222222,0.00019818646055287705,10.4729147654321,1.8923715602749883e-05,10.525223,10.6402402,0.04862294202573607,10.549139333333333,0.004609185687034822,10.506037,10.656665,1.766754814814815,8.841105925925927,1.1599940740740742,,,11.767905185185185,1.2949022222222215,raw/sweep/MUL_32MiB_1core_pipeline.json,v1-latched64,740e60f3966a30d58dd8e532f11666614786d21e218e6a6a07c1623565eaf1ac,33554432,16777216.0,100663296,9.611718116424932,9.564006007283647,37.98425420283013,28.92638225482633,1.8976377096446706,1.6019530194041551,273,1.0,1.0,,1.337056967356833,0.25208871094187235
MUL,diagnostic,32,2,4082,4096,7.085953333333333,7.086482518518518,0.0012034331797486056,7.08560424691358,0.00016984199763524886,7.13635,7.2254261,0.046897210260414365,7.156795066666667,0.006552822852067093,7.111092,7.29576,0.8908170370370371,4.4305081481481485,0.6649733333333333,5.372600740740741,0.1573644444444442,5.986508148148149,-1.0994518518518515,raw/sweep/MUL_32MiB_2core_diagnostic.json,v1-latched64,740e60f3966a30d58dd8e532f11666614786d21e218e6a6a07c1623565eaf1ac,33554432,16777216.0,100663296,14.206034285671278,14.105711743398237,75.33405986846864,50.45981593246847,3.786747578155904,2.3676723809452125,274,1.9761583610851599,0.9880791805425799,1.9761583610851599,,
MUL,pipeline,32,2,4097,4111,5.237354814814815,5.237445703703704,8.468195812722305e-05,5.2373383209876545,1.6168892085484708e-05,5.274215,5.3313498,0.027338769654275286,5.288417933333333,0.005169555432061595,5.260171,5.339166,0.8821414814814815,4.420577777777778,0.5818266666666667,,,5.884288148148148,0.6469814814814807,raw/sweep/MUL_32MiB_2core_pipeline.json,v1-latched64,740e60f3966a30d58dd8e532f11666614786d21e218e6a6a07c1623565eaf1ac,33554432,16777216.0,100663296,19.220255178292575,19.085929564873634,76.07494422243514,57.67083896693173,3.795254114595377,3.203375863048763,275,1.9996690441273084,0.9998345220636542,1.9996690441273084,1.3529641553574756,0.2608821186871847
MUL,diagnostic,32,4,4112,4126,3.544671111111111,3.5465893333333334,0.001088581768107777,3.544931061728395,0.00030708122362667876,3.604906,3.6738702,0.039211212532471784,3.607407466666667,0.01086963779245706,3.567236,3.701852,0.44303333333333333,2.215254814814815,0.3365288888888889,2.686306666666667,0.07886222222222206,2.9947859259259264,-0.5499155555555553,raw/sweep/MUL_32MiB_4core_diagnostic.json,v1-latched64,740e60f3966a30d58dd8e532f11666614786d21e218e6a6a07c1623565eaf1ac,33554432,16777216.0,100663296,28.398486867924433,27.923972497479824,151.475879918742,99.70743406542611,7.573492623873384,4.733081144654072,276,3.9504274125834375,0.9876068531458594,1.9990439482866926,,
MUL,pipeline,32,4,4127,4141,2.619694074074074,2.6197626666666665,5.656470868132023e-05,2.619684987654321,2.1592179574219934e-05,2.654312,2.772268,0.04361183700261723,2.6690708,0.01633970781240319,2.637997,2.776874,0.4493066666666667,2.2103333333333333,0.29065111111111114,,,2.950202962962963,0.3304851851851853,raw/sweep/MUL_32MiB_4core_pipeline.json,v1-latched64,740e60f3966a30d58dd8e532f11666614786d21e218e6a6a07c1623565eaf1ac,33554432,16777216.0,100663296,38.42559213162295,37.9244399301966,149.3609353670841,115.44573792175422,7.590355602473232,6.404265355270491,277,3.997786001023021,0.9994465002557552,1.999223827944852,1.3530858989189296,0.2609486206315752
MUL,diagnostic,32,8,4142,4156,1.785922962962963,1.7921754074074074,0.00456611156971351,1.7851732345679012,0.0025577974626192126,1.861255,1.9060821000000001,0.038372969898217736,1.8574453333333334,0.020659003637729885,1.810376,1.909496,0.2245237037037037,1.1076274074074075,0.17870074074074074,1.343157037037037,0.03945777777777773,1.510937777777778,-0.2749918518518517,raw/sweep/MUL_32MiB_8core_diagnostic.json,v1-latched64,740e60f3966a30d58dd8e532f11666614786d21e218e6a6a07c1623565eaf1ac,33554432,16777216.0,100663296,56.3648590043285,54.08355974866421,298.89433896280855,187.76884673735523,15.146985247746768,9.394143167388084,278,7.840744654906105,0.9800930818632632,1.9847838818479997,,
MUL,pipeline,32,8,4157,4171,1.3109637037037036,1.3110662222222222,5.379610126029839e-05,1.310979950617284,4.103502973860747e-05,1.366092,1.4340814,0.036314860007991216,1.3704204,0.02649906554805461,1.326285,1.450411,0.25546148148148146,1.105348888888889,0.1480385185185185,,,1.5096577777777778,0.19872148148148128,raw/sweep/MUL_32MiB_8core_pipeline.json,v1-latched64,740e60f3966a30d58dd8e532f11666614786d21e218e6a6a07c1623565eaf1ac,33554432,16777216.0,100663296,76.78572314062428,73.68705475180295,262.6966054170666,226.66014450693515,15.178208589746426,12.79762052343738,279,7.988761448321027,0.9985951810401283,1.9982964186368977,1.3622977950628348,0.26594610692012766
MUL,diagnostic,32,16,4172,4186,0.9102414814814814,0.9182172592592592,0.005291043295736518,0.9101528888888889,0.005813356591325885,0.988007,1.0620008,0.04353156708062826,1.0015769333333333,0.04346302878177465,0.937279,1.076859,0.11702222222222222,0.5538140740740741,0.10228740740740741,0.6715874074074074,0.019803703703703726,0.7726577777777778,-0.1375725925925927,raw/sweep/MUL_32MiB_16core_diagnostic.json,v1-latched64,740e60f3966a30d58dd8e532f11666614786d21e218e6a6a07c1623565eaf1ac,33554432,16777216.0,100663296,110.58966004951067,101.88520526676432,573.4711127990885,328.04069289148947,30.293950236006467,18.431610008251777,280,15.383792335123118,0.9614870209451949,1.962032053358246,,
MUL,pipeline,32,16,4187,4201,0.6573755555555556,0.6575039259259259,6.512755990650635e-05,0.657394962962963,9.906914956112248e-05,0.769019,0.8244859999999999,0.037681558970630996,0.7652908,0.04923822286983065,0.690108,0.830359,0.24622296296296298,0.5525822222222222,0.16287555555555555,,,0.9583014814814814,0.30089999999999995,raw/sweep/MUL_32MiB_16core_pipeline.json,v1-latched64,740e60f3966a30d58dd8e532f11666614786d21e218e6a6a07c1623565eaf1ac,33554432,16777216.0,100663296,153.12905256254666,130.89832110780097,272.5532305859489,206.0126940813709,30.36148345947511,25.521508760424446,281,15.931496399262162,0.9957185249538851,1.994238594095263,1.3846597637970064,0.277800925436148
MUL,diagnostic,64,1,4202,4216,27.997162962962964,27.998474666666667,0.0007060670127038464,27.997253283950617,2.5219152948428635e-05,28.082185,28.168916499999998,0.04101587566134184,28.100273866666665,0.0014596254775294567,28.052861,28.181982,3.5503644444444444,17.722028148148148,2.326713333333333,21.490362222222224,0.6297740740740734,23.599096296296295,-4.39810962962963,raw/sweep/MUL_64MiB_1core_diagnostic.json,v1-latched64,740e60f3966a30d58dd8e532f11666614786d21e218e6a6a07c1623565eaf1ac,67108864,33554432.0,201326592,7.190964036832303,7.169192568170889,37.803929737416624,28.8427727810617,1.8933742639104345,1.1984940061387173,282,1.0,1.0,,,
MUL,pipeline,64,1,4217,4231,20.944347407407406,20.94448748148148,0.00020321528105416505,20.94430597530864,9.702650510059234e-06,21.019068,21.124847600000003,0.05450223843328052,21.03638966666667,0.002590855146576903,20.965348,21.153787,3.5382962962962963,17.681663703703705,2.3210740740740743,,,23.54103333333333,2.596551851851853,raw/sweep/MUL_64MiB_1core_pipeline.json,v1-latched64,740e60f3966a30d58dd8e532f11666614786d21e218e6a6a07c1623565eaf1ac,67108864,33554432.0,201326592,9.612454763274059,9.578283490019633,37.93286846567714,28.91284890456206,1.8976965381923585,1.6020757938790098,283,1.0,1.0,,1.3367407643869191,0.25191179423735266
MUL,diagnostic,64,2,4232,4246,14.150827407407407,14.151907333333334,0.0011772045192360242,14.150627555555555,8.319097613263464e-05,14.25186,14.3434654,0.05125309727644335,14.26249,0.0035935588579864633,14.207894,14.363274,1.7704222222222221,8.861014814814816,1.3191822222222223,10.745188148148149,0.3148562962962975,11.951987407407408,-2.199031851851853,raw/sweep/MUL_64MiB_2core_diagnostic.json,v1-latched64,740e60f3966a30d58dd8e532f11666614786d21e218e6a6a07c1623565eaf1ac,67108864,33554432.0,201326592,14.227195781824982,14.12633803587742,75.81114059420854,50.87156487520888,3.7867482112658277,2.3711992969708304,284,1.9784823994325265,0.9892411997162632,1.9784823994325265,,
MUL,pipeline,64,2,4247,4261,10.472787407407408,10.472828592592592,3.2587140797727174e-05,10.472784395061728,3.1116023751136433e-06,10.602951,10.7768702,0.08381434903443845,10.616590066666667,0.00789465812545534,10.506121,10.782389,1.7663496296296297,8.840758518518518,1.1634725925925926,,,11.770898518518518,1.2981362962962955,raw/sweep/MUL_64MiB_2core_pipeline.json,v1-latched64,740e60f3966a30d58dd8e532f11666614786d21e218e6a6a07c1623565eaf1ac,67108864,33554432.0,201326592,19.223782949857416,18.987788588290186,75.98593491829979,57.67979789748187,3.795424558844624,3.2039638249762366,285,1.9998828003128812,0.9999414001564406,1.9998828003128812,1.3511997195129273,0.2599169570872363
MUL,diagnostic,64,4,4262,4276,7.088431851851852,7.092154888888889,0.0023297288640074655,7.088620987654321,0.00032865755808710414,7.188515,7.2971224,0.06408461530128956,7.2076302,0.008891218545214704,7.117688,7.317638,0.8913733333333334,4.4305081481481485,0.6673007407407407,5.372600740740741,0.15737555555555582,5.988982962962964,-1.09947111111111,raw/sweep/MUL_64MiB_4core_diagnostic.json,v1-latched64,740e60f3966a30d58dd8e532f11666614786d21e218e6a6a07c1623565eaf1ac,67108864,33554432.0,201326592,28.4021340978828,28.006701244972017,150.5740894200709,100.56764499542656,7.573495156311808,4.733689016313799,286,3.9496976973332556,0.9874244243333139,1.9963269314228513,,
MUL,pipeline,64,4,4277,4291,5.237411851851852,5.2376467407407405,0.00023039688625141878,5.237390271604938,4.3990780580271004e-05,5.31198,5.3814902,0.0481492475432476,5.314183466666667,0.00906051660528185,5.260157,5.420273,0.8965496296296296,4.420657777777778,0.5818977777777777,,,5.901137037037037,0.6635088888888889,raw/sweep/MUL_64MiB_4core_pipeline.json,v1-latched64,740e60f3966a30d58dd8e532f11666614786d21e218e6a6a07c1623565eaf1ac,67108864,33554432.0,201326592,38.440091727522756,37.90048004698813,149.70473866064305,115.32758254599894,7.5903708648687775,6.406681954587126,287,3.998988049794456,0.999747012448614,1.999611201800833,1.3534226546162327,0.2611325097971312
MUL,diagnostic,64,8,4292,4306,3.562817037037037,3.5726557037037034,0.005592514069318039,3.5633675555555557,0.001569446312266859,3.668249,3.7421831,0.053105797716131435,3.6670682666666665,0.014481813223620226,3.580809,3.793183,0.44829851851851854,2.215254814814815,0.34752444444444447,2.6863074074074076,0.07881925925925892,3.01304962962963,-0.5498733333333332,raw/sweep/MUL_64MiB_8core_diagnostic.json,v1-latched64,740e60f3966a30d58dd8e532f11666614786d21e218e6a6a07c1623565eaf1ac,67108864,33554432.0,201326592,56.507698797643066,54.88356760950524,299.39364609891226,193.10544933689715,15.146985247746768,9.417949799607179,288,7.858153442043261,0.9822691802554077,1.9895582002007153,,
MUL,pipeline,64,8,4307,4321,2.6199207407407408,2.620082666666667,0.00012194320136661413,2.6199023209876544,4.6544941920065105e-05,2.633995,2.6410887,0.0032895034623133227,2.6350278,0.0012483752400309865,2.631154,2.641725,0.5033814814814814,2.21058,0.29330222222222224,,,3.007231111111111,0.3873629629629627,raw/sweep/MUL_64MiB_8core_pipeline.json,v1-latched64,740e60f3966a30d58dd8e532f11666614786d21e218e6a6a07c1623565eaf1ac,67108864,33554432.0,201326592,76.84453535914149,76.4339309679783,266.63223208964564,228.80448532420104,15.17901727148531,12.807422559856914,289,7.994267567608067,0.9992834459510084,1.9990726323923285,1.3598949699637506,0.2646490926967279
MUL,diagnostic,64,16,4322,4336,1.8080533333333333,1.8199603703703704,0.006464260749916849,1.809569925925926,0.0035722635844587206,1.871762,2.0047595,0.07784506015951237,1.8974976666666667,0.04102511509079363,1.845357,2.160044,0.2376251851851852,1.1076281481481483,0.19047185185185186,1.3431607407407407,0.03942296296296313,1.5330755555555557,-0.27495777777777763,raw/sweep/MUL_64MiB_16core_diagnostic.json,v1-latched64,740e60f3966a30d58dd8e532f11666614786d21e218e6a6a07c1623565eaf1ac,67108864,33554432.0,201326592,111.34991888144893,107.55993123057311,564.8295566625311,352.3295612844515,30.293950236006467,18.55831981357482,290,15.484699730260335,0.9677937331412709,1.9705265167530293,,
MUL,pipeline,64,16,4337,4351,1.3117007407407408,1.311759925925926,4.2096225879853075e-05,1.3116963456790123,3.209296573747909e-05,1.432599,1.5084999000000001,0.05259774897500935,1.4261613333333334,0.03688064438829923,1.339272,1.511407,0.4876259259259259,1.1051962962962962,0.3297014814814815,,,1.9098970370370372,0.5981807407407409,raw/sweep/MUL_64MiB_16core_pipeline.json,v1-latched64,740e60f3966a30d58dd8e532f11666614786d21e218e6a6a07c1623565eaf1ac,67108864,33554432.0,201326592,153.48515537645216,140.5324113726172,275.2473173881011,203.54432045149707,30.3606084389232,25.58085922940869,291,15.967321475765699,0.9979575922353562,1.9973463911145044,1.378403836466764,0.2745232031831246
MUL,diagnostic,128,1,4352,4366,56.003173333333336,56.00751451851852,0.0019712949097995588,56.00414607407407,3.519908878160947e-05,56.085336,56.2516852,0.07391114822876961,56.132916933333334,0.0013167166836626487,56.06024,56.252171,7.109660740740741,35.44405481481481,4.653374814814815,42.980702962962965,1.2594155555555524,47.20709037037037,-8.796062222222218,raw/sweep/MUL_128MiB_1core_diagnostic.json,v1-latched64,740e60f3966a30d58dd8e532f11666614786d21e218e6a6a07c1623565eaf1ac,134217728,67108864.0,402653184,7.18982800498448,7.179295208287599,37.75643673991008,28.84309417171703,1.893374343049205,1.1983046674974132,292,1.0,1.0,,,
MUL,pipeline,128,1,4367,4381,41.88644444444444,41.88658733333333,0.0007691148804918927,41.88615274074074,1.83620320837872e-05,42.027525,42.087892,0.04694234587337105,42.025968666666664,0.001116984268600663,41.949374,42.101087,7.068088148148148,35.36438666666667,4.639866666666666,,,47.07229851851852,5.185801481481484,raw/sweep/MUL_128MiB_1core_pipeline.json,v1-latched64,740e60f3966a30d58dd8e532f11666614786d21e218e6a6a07c1623565eaf1ac,134217728,67108864.0,402653184,9.612971197258195,9.58070179007686,37.97850994123928,28.92706572027932,1.8976396970360765,1.6021618662096992,293,1.0,1.0,,1.3370238051026853,0.2520701604686847
MUL,diagnostic,128,2,4382,4396,28.34216,28.346422814814815,0.019646435597945388,28.33111624691358,0.0006934578724933116,28.41768,28.5204981,0.05301387545251937,28.429937066666668,0.001864720112753141,28.361061,28.560858,3.5415696296296297,17.722028148148148,2.681031111111111,21.490363703703704,0.6301251851851863,23.943714814814815,-4.398460740740742,raw/sweep/MUL_128MiB_2core_diagnostic.json,v1-latched64,740e60f3966a30d58dd8e532f11666614786d21e218e6a6a07c1623565eaf1ac,134217728,67108864.0,402653184,14.206862991388096,14.169108245289552,75.7956172184796,50.061980796774705,3.786748527820869,2.3678104985646824,294,1.9759670163930108,0.9879835081965054,1.9759670163930108,,
MUL,pipeline,128,2,4397,4411,20.944314814814813,20.94477540740741,0.00030500899864593017,20.944368839506172,1.4562816429713032e-05,21.059923,21.1408923,0.04711560045684978,21.072053133333334,0.002235928324531359,21.001242,21.158204,3.5388585185185186,17.682344444444446,2.3215725925925925,,,23.54285925925926,2.5985918518518503,raw/sweep/MUL_128MiB_2core_pipeline.json,v1-latched64,740e60f3966a30d58dd8e532f11666614786d21e218e6a6a07c1623565eaf1ac,134217728,67108864.0,402653184,19.224939443480203,19.11940437768932,75.85368406092026,57.81328071680658,3.79524696008762,3.2041565739133664,295,1.9998956669051002,0.9999478334525501,1.9998956669051002,1.3532149535850355,0.2610191031729828
MUL,diagnostic,128,4,4412,4426,14.156757037037037,14.184476296296296,0.011850120110916556,14.161132296296296,0.0008368059744781734,14.250767,14.3283635,0.04168955213959459,14.2652358,0.0029224579757451043,14.203085,14.342115,1.7821081481481482,8.861014074074074,1.3183933333333333,10.745186666666667,0.3146000000000002,11.95774962962963,-2.198768148148149,raw/sweep/MUL_128MiB_4core_diagnostic.json,v1-latched64,740e60f3966a30d58dd8e532f11666614786d21e218e6a6a07c1623565eaf1ac,134217728,67108864.0,402653184,28.442473297138257,28.254842984942496,150.62803920117912,101.80400993127999,7.573497055641738,4.740412216189709,296,3.955932364087151,0.9889830910217877,2.002023480790903,,
MUL,pipeline,128,4,4427,4441,10.472774814814814,10.473490962962963,0.00047005370334575334,10.472889185185185,4.4882906238584604e-05,10.546722,10.616431700000001,0.03379937821885139,10.557184133333333,0.0032015524018505067,10.516065,10.624166,1.7868688888888888,8.841299259259259,1.1629785185185184,,,11.792982962962963,1.3198777777777764,raw/sweep/MUL_128MiB_4core_pipeline.json,v1-latched64,740e60f3966a30d58dd8e532f11666614786d21e218e6a6a07c1623565eaf1ac,134217728,67108864.0,402653184,38.447612129538555,38.178040911669044,150.22672209986183,115.40860459828245,7.590384855451948,6.407935354923094,297,3.999555531853103,0.9998888829632757,1.9998820928706431,1.351767538915365,0.2602278341419688
MUL,diagnostic,128,8,4442,4456,7.128122962962963,7.143420148148148,0.0098534626915043,7.128786024691358,0.0013822076658460102,7.19777,7.3693963,0.07509777133526534,7.239887666666666,0.010372781290657964,7.173713,7.430661,0.9037022222222222,4.4305081481481485,0.6931407407407407,5.3726,0.15733777777777713,6.028728148148148,-1.0994281481481485,raw/sweep/MUL_128MiB_8core_diagnostic.json,v1-latched64,740e60f3966a30d58dd8e532f11666614786d21e218e6a6a07c1623565eaf1ac,134217728,67108864.0,402653184,56.48796830415903,55.941379621743955,297.03972104872304,193.63704960779705,15.146990312623617,9.414661384026505,298,7.8566508496444865,0.9820813562055608,1.9860427647775125,,
MUL,pipeline,128,8,4457,4471,5.237797777777778,5.237955037037037,9.487385177008313e-05,5.237813432098766,1.8113255273406645e-05,5.366005,5.4288658,0.04022440085830399,5.368403866666666,0.007492804538806058,5.287945,5.436654,0.9465859259259259,4.420894074074074,0.5839711111111111,,,5.954334074074074,0.7166074074074071,raw/sweep/MUL_128MiB_8core_pipeline.json,v1-latched64,740e60f3966a30d58dd8e532f11666614786d21e218e6a6a07c1623565eaf1ac,134217728,67108864.0,402653184,76.87451884994924,75.03779515673206,283.5827669183052,229.83624608523252,15.179930320781436,12.812419808324874,299,7.996957160536934,0.9996196450671168,1.9994614643671986,1.3609007574147292,0.2651925612124162
MUL,diagnostic,128,16,4472,4486,3.6168970370370372,3.631611111111111,0.01125998875966821,3.618147160493827,0.003112087004811429,3.720849,3.816715,0.05453976705277925,3.7201118,0.014660787090532937,3.634234,3.833536,0.4792518518518519,2.215254814814815,0.37936444444444445,2.686303703703704,0.07865925925925871,3.0671533333333336,-0.5497066666666663,raw/sweep/MUL_128MiB_16core_diagnostic.json,v1-latched64,740e60f3966a30d58dd8e532f11666614786d21e218e6a6a07c1623565eaf1ac,134217728,67108864.0,402653184,111.32558651154018,108.2154056775752,560.1135498230267,353.79627681385244,30.293970495493536,18.554264418590027,300,15.483762119811724,0.9677351324882327,1.9707840422248577,,
MUL,pipeline,128,16,4487,4501,2.620531111111111,2.620668222222222,8.880704639081825e-05,2.620537234567901,3.388887027413735e-05,2.676813,2.774022,0.03949811036613318,2.6861547333333333,0.014704331763166429,2.654462,2.791312,0.8705814814814815,2.2106748148148148,0.3886851851851852,,,3.4721985185185185,0.851588148148148,raw/sweep/MUL_128MiB_16core_pipeline.json,v1-latched64,740e60f3966a30d58dd8e532f11666614786d21e218e6a6a07c1623565eaf1ac,134217728,67108864.0,402653184,153.65327367904217,150.42260479159359,308.3404158140366,345.31217837915096,30.35673250098596,25.608878946507026,301,15.983952362498187,0.9989970226561367,1.998754281362811,1.3802152631202553,0.27547533582602324
MUL,diagnostic,256,1,4502,4516,112.02637629629629,112.02970829629629,0.003029925030121734,112.02584158024692,2.7046661621830552e-05,112.120265,112.1987978,0.04396833279401958,112.1323926,0.00039211089476048135,112.0836,112.245002,14.239598518518518,70.88810814814815,9.306794814814815,85.96139703703703,2.518555555555551,94.43450444444444,-17.591844444444433,raw/sweep/MUL_256MiB_1core_diagnostic.json,v1-latched64,740e60f3966a30d58dd8e532f11666614786d21e218e6a6a07c1623565eaf1ac,268435456,134217728.0,805306368,7.188542507793535,7.182522873987142,37.702671975042165,28.84295413633671,1.8933743826185923,1.1980904179655893,302,1.0,1.0,,,
MUL,pipeline,256,1,4517,4531,83.77131111111112,83.77148607407408,0.0016753011017227844,83.77067995061728,1.9998657080381497e-05,83.801352,83.8693239,0.029135879300273428,83.8143022,0.00034762419462430874,83.789072,83.879602,14.134891111111111,70.7291037037037,9.279745925925926,,,94.14371703703705,10.372495555555574,raw/sweep/MUL_256MiB_1core_pipeline.json,v1-latched64,740e60f3966a30d58dd8e532f11666614786d21e218e6a6a07c1623565eaf1ac,268435456,134217728.0,805306368,9.613152251274567,9.60970615366683,37.9819630572165,28.927026466321674,1.8976308333025256,1.6021920418790945,303,1.0,1.0,,1.3372880859857705,0.25221796972575394
MUL,diagnostic,256,2,4532,4546,56.6806362962963,56.686836,0.021581721817029022,56.66871693827161,0.00038084013514083393,56.70907,56.7500086,0.03628132500533639,56.707106,0.0006398020912112212,56.638969,56.799346,7.125703703703704,35.44405481481481,5.316477037037037,42.98070740740741,1.2582792592592584,47.88573111111111,-8.794934814814816,raw/sweep/MUL_256MiB_2core_diagnostic.json,v1-latched64,740e60f3966a30d58dd8e532f11666614786d21e218e6a6a07c1623565eaf1ac,268435456,134217728.0,805306368,14.207786302720484,14.200662574787419,75.34286216825889,50.491228332212195,3.78674868609841,2.3679643837867475,304,1.976448812442433,0.9882244062212165,1.976448812442433,,
MUL,pipeline,256,2,4547,4561,41.88681777777778,41.88697911111111,0.0008403497587491411,41.886358074074074,2.0062612205697658e-05,41.906098,41.9133794,0.004438238509438568,41.90623573333333,0.00010590878497608116,41.899399,41.917046,7.08000962962963,35.36469185185185,4.645112592592593,,,47.08996814814815,5.203142222222226,raw/sweep/MUL_256MiB_2core_pipeline.json,v1-latched64,740e60f3966a30d58dd8e532f11666614786d21e218e6a6a07c1623565eaf1ac,268435456,134217728.0,805306368,19.225771035469762,19.216925613069485,75.82912172226591,57.78879427552846,3.795246642110124,3.204295172578294,305,1.9999445065400583,0.9999722532700291,1.9999445065400583,1.3531855438864846,0.2610030424003055
MUL,diagnostic,256,4,4562,4576,28.34634074074074,28.351779481481483,0.004221182241424945,28.34592839506173,0.00014891670445905508,28.437889,28.5695448,0.05832602368313594,28.4596946,0.0020494254946479976,28.397234,28.603646,3.5447533333333334,17.722028148148148,2.6813903703703703,21.490355555555556,0.6300740740740762,23.947874814814814,-4.398403703703707,raw/sweep/MUL_256MiB_4core_diagnostic.json,v1-latched64,740e60f3966a30d58dd8e532f11666614786d21e218e6a6a07c1623565eaf1ac,268435456,134217728.0,805306368,28.409535303531243,28.318078321495666,151.45508347548395,100.11054673957155,7.573497055641738,4.734922550588541,306,3.952057774261019,0.9880144435652547,1.9995750708955577,,
MUL,pipeline,256,4,4577,4591,20.944803703703705,20.945163481481483,0.0005286473791412272,20.944663950617283,2.5240193893187143e-05,20.965742,21.060377,0.03510182041921558,20.9780482,0.001673264361134206,20.95766,21.067825,3.5506148148148147,17.682425925925926,2.321651111111111,,,23.554566666666666,2.6098429629629614,raw/sweep/MUL_256MiB_4core_pipeline.json,v1-latched64,740e60f3966a30d58dd8e532f11666614786d21e218e6a6a07c1623565eaf1ac,268435456,134217728.0,805306368,38.44898139855072,38.41058274970664,151.20505602576915,115.62265092946303,7.590458942808878,6.40816356642512,307,3.999622641309247,0.9999056603273118,1.99986681041899,1.3533829746863757,0.26111084688963704
MUL,diagnostic,256,8,4592,4606,14.249371111111111,14.259947777777777,0.01464853274143552,14.244615061728394,0.0010283558157210121,14.315682,14.3902984,0.040907864152554055,14.328258666666667,0.0028550478536322295,14.271412,14.4402,1.815977037037037,8.861014814814816,1.371448888888889,10.745187407407407,0.31449851851851784,12.050801481481482,-2.1986740740740736,raw/sweep/MUL_256MiB_8core_diagnostic.json,v1-latched64,740e60f3966a30d58dd8e532f11666614786d21e218e6a6a07c1623565eaf1ac,268435456,134217728.0,805306368,56.51522174000038,56.25344066737442,295.6375003926057,195.73128694389712,15.146992845063311,9.419203623333397,308,7.861847054354731,0.9827308817943414,1.9893046871828157,,
MUL,pipeline,256,8,4607,4621,10.473735555555555,10.47388851851852,0.00020503610422747612,10.47367748148148,1.9576324036137322e-05,10.556259,10.649595999999999,0.04949749907660048,10.572622533333334,0.004681667100148985,10.52124,10.653194,1.8327955555555555,8.841714074074075,1.1638481481481482,,,11.839365185185185,1.36554962962963,raw/sweep/MUL_256MiB_8core_pipeline.json,v1-latched64,740e60f3966a30d58dd8e532f11666614786d21e218e6a6a07c1623565eaf1ac,268435456,134217728.0,805306368,76.88817077044146,76.2870982987439,292.9246038231821,230.64474212303372,15.18005749513627,12.814695128406909,309,7.998226675360018,0.9997783344200023,1.9997453241593455,1.3604860496552118,0.26496857483145075
MUL,diagnostic,256,16,4622,4636,7.234120740740741,7.255708444444444,0.015812390363378098,7.234969827160493,0.002185550284400285,7.353118,7.4301709,0.05064317280128644,7.3406926666666665,0.006898963776436507,7.278478,7.436676,0.9571481481481482,4.4305081481481485,0.7471466666666666,5.3726,0.15715703703703665,6.134874814814816,-1.0992496296296288,raw/sweep/MUL_256MiB_16core_diagnostic.json,v1-latched64,740e60f3966a30d58dd8e532f11666614786d21e218e6a6a07c1623565eaf1ac,268435456,134217728.0,805306368,111.32055945164393,109.51903233431042,560.9068074139999,359.28080519665934,30.293980625247233,18.55342657527399,310,15.485831701065209,0.9678644813165755,1.9697447169857496,,
MUL,pipeline,256,16,4637,4651,5.237608148148148,5.238286074074074,0.0002905980103266618,5.2377168888888885,5.54818094393621e-05,5.282591,5.459344199999999,0.07957525067943694,5.324325133333333,0.014945603186636775,5.253741,5.474691,1.8408051851851852,4.42096962962963,1.0651385185185185,,,7.402146666666667,2.164582222222222,raw/sweep/MUL_256MiB_16core_pipeline.json,v1-latched64,740e60f3966a30d58dd8e532f11666614786d21e218e6a6a07c1623565eaf1ac,268435456,134217728.0,805306368,153.75460424329964,152.44533752471088,291.65004331840294,252.01929263938547,30.359341783409675,25.625767373883274,311,15.994192146797007,0.9996370091748129,1.9997172868418451,1.3811878506601332,0.27598552251813246
MUL,diagnostic,512,1,4652,4666,223.98618444444443,223.98957437037035,0.0025427349478599243,223.98617792592592,1.1352195797996195e-05,224.05565,224.1565568,0.047092446449911486,224.07100706666668,0.00021016751371095643,224.014764,224.160712,28.41237925925926,141.7762148148148,18.613622962962964,171.92278296296297,5.037442962962949,188.8022014814815,-35.18401037037037,raw/sweep/MUL_512MiB_1core_diagnostic.json,v1-latched64,740e60f3966a30d58dd8e532f11666614786d21e218e6a6a07c1623565eaf1ac,536870912,268435456.0,1610612736,7.190678925107911,7.188449548136813,37.79133786024203,28.8429024842856,1.8933744024032868,1.1984464875179852,312,1.0,1.0,,,
MUL,pipeline,512,1,4667,4681,167.5416911111111,167.54182385185186,0.0013967318778508608,167.54120395061727,8.336647015277192e-06,167.61349,167.7104018,0.043226402684782415,167.63394206666666,0.00025786187541656467,167.589748,167.72001,28.322856296296298,141.45289555555556,18.56936,,,188.3447348148148,20.803051111111103,raw/sweep/MUL_512MiB_1core_pipeline.json,v1-latched64,740e60f3966a30d58dd8e532f11666614786d21e218e6a6a07c1623565eaf1ac,536870912,268435456.0,1610612736,9.613205676262789,9.60908776495257,37.910788826069435,28.911654036541915,1.8977020933061923,1.602200946043798,313,1.0,1.0,,1.3368981950641778,0.2519998877311709
MUL,diagnostic,512,2,4682,4696,113.19510296296296,113.20742637037037,0.0468480073303699,113.16545930864197,0.00041397797187036484,113.266819,113.37924070000001,0.0606742867307547,113.282405,0.0005356020357332164,113.186223,113.39471,14.247478518518518,70.88810814814815,10.465904444444444,85.96140296296296,2.5156259259259155,95.60361703703704,-17.588921481481478,raw/sweep/MUL_512MiB_2core_diagnostic.json,v1-latched64,740e60f3966a30d58dd8e532f11666614786d21e218e6a6a07c1623565eaf1ac,536870912,268435456.0,1610612736,14.228643234919684,14.219634224918067,75.3636387382074,51.29713488689304,3.7867487652371845,2.3714405391532805,314,1.9787621423669883,0.9893810711834942,1.9787621423669883,,
MUL,pipeline,512,2,4697,4711,83.76955481481481,83.76974844444445,0.0005153352932141876,83.76939792592593,6.15183236329189e-06,83.803593,83.8554942,0.02194614572886163,83.81173573333334,0.00026185050979839425,83.795722,83.878037,14.132980740740742,70.72594444444445,9.305474814814815,,,94.16412666666668,10.394687407407417,raw/sweep/MUL_512MiB_2core_pipeline.json,v1-latched64,740e60f3966a30d58dd8e532f11666614786d21e218e6a6a07c1623565eaf1ac,536870912,268435456.0,1610612736,19.22670759753351,19.21889835916701,75.97419424090454,57.69409113281062,3.7954311972582744,3.2044512662555853,315,2.0000308164641343,1.0000154082320671,2.0000308164641343,1.3512678109988498,0.25995425047474086
MUL,diagnostic,512,4,4712,4726,56.69016740740741,56.70472451851852,0.03693833563986391,56.678234518518515,0.0006517199407083688,56.825819,56.9120637,0.06266405156851089,56.82877586666667,0.0011026817068088026,56.685227,56.924481,7.155906666666667,35.444054074074074,5.289161481481481,42.98070518518519,1.2581992592592561,47.89544518518519,-8.794848888888893,raw/sweep/MUL_512MiB_4core_diagnostic.json,v1-latched64,740e60f3966a30d58dd8e532f11666614786d21e218e6a6a07c1623565eaf1ac,536870912,268435456.0,1610612736,28.41079519884342,28.342974449695127,150.04972451662312,101.50397447302437,7.573497530474369,4.73513253314057,316,3.951058793577973,0.9877646983944932,1.996732557684639,,
MUL,pipeline,512,4,4727,4741,41.88750666666667,41.888577777777776,0.0022657759543744565,41.88636098765432,5.409340656358943e-05,42.017654,42.1119986,0.06450626231305094,42.0149612,0.0015353164794318778,41.947275,42.164969,7.228300740740741,35.365034074074075,4.649397777777778,,,47.24634296296296,5.359978518518517,raw/sweep/MUL_512MiB_4core_pipeline.json,v1-latched64,740e60f3966a30d58dd8e532f11666614786d21e218e6a6a07c1623565eaf1ac,536870912,268435456.0,1610612736,38.450909690494825,38.331810148181994,148.54692167802156,115.47106478306151,7.590419832135512,6.408484948415805,317,3.999801001391133,0.9999502503477833,1.9998696862393373,1.3533908298371082,0.26111513544069287
MUL,diagnostic,512,8,4742,4756,28.48648888888889,28.516277037037035,0.018513892802591917,28.485466814814814,0.0006499417026567089,28.555942,28.6864091,0.055015279128187475,28.580560466666668,0.0019249195337632185,28.525065,28.693435,3.5955244444444445,17.722028148148148,2.7652822222222224,21.490357037037036,0.6292703703703699,24.089083703703704,-4.397605925925927,raw/sweep/MUL_512MiB_8core_diagnostic.json,v1-latched64,740e60f3966a30d58dd8e532f11666614786d21e218e6a6a07c1623565eaf1ac,536870912,268435456.0,1610612736,56.53953150499417,56.40201734546176,298.63288112505296,194.14687863886908,15.146994111283476,9.423255250832364,318,7.862891959697072,0.982861494962134,1.990072122560507,,
MUL,pipeline,512,8,4757,4771,20.945474074074074,20.945743555555556,0.0004612269561177594,20.945303061728396,2.2020543448737247e-05,20.96359,20.9744349,0.005453561874940407,20.964999466666665,0.0002601269741795752,20.960505,20.982179,3.629185925925926,17.683056296296296,2.3257355555555557,,,23.642044444444448,2.6965303703703754,raw/sweep/MUL_512MiB_8core_pipeline.json,v1-latched64,740e60f3966a30d58dd8e532f11666614786d21e218e6a6a07c1623565eaf1ac,536870912,268435456.0,1610612736,76.89550163935354,76.82905151264646,295.8629968030786,230.83919008657713,15.180376712153748,12.815916939892256,319,7.998944808725583,0.9998681010906979,1.9998356933116286,1.3600307535721499,0.26472250912453366
MUL,diagnostic,512,16,4772,4786,14.461074074074075,14.492550518518518,0.021088103625276723,14.46558750617284,0.0014578117630049858,14.554182,14.6398956,0.05719975611944341,14.562631866666667,0.003927844681040902,14.468748,14.700846,1.904182962962963,8.861014814814816,1.4963503703703704,10.745186666666667,0.31417999999999946,12.262732592592593,-2.19835185185185,raw/sweep/MUL_512MiB_16core_diagnostic.json,v1-latched64,740e60f3966a30d58dd8e532f11666614786d21e218e6a6a07c1623565eaf1ac,536870912,268435456.0,1610612736,111.37573376292423,110.6632262809411,563.88584757067,358.78690086942396,30.293985690126622,18.562622293820702,320,15.488903749273272,0.9680564843295795,1.9698736582754726,,
MUL,pipeline,512,16,4787,4801,10.474157037037036,10.474606074074075,0.0007153266071815409,10.47379950617284,6.82967634390897e-05,10.495839,10.5120087,0.007408734216803886,10.497565533333333,0.0007057573675800014,10.489711,10.512344,2.5586037037037035,8.842574074074074,1.325631851851852,,,12.727068888888889,2.252732592592592,raw/sweep/MUL_512MiB_16core_pipeline.json,v1-latched64,740e60f3966a30d58dd8e532f11666614786d21e218e6a6a07c1623565eaf1ac,536870912,268435456.0,1610612736,153.77015356031126,153.4525001764985,419.65929403045357,404.992465479774,30.357162264214164,25.628358926718544,321,15.995720755252858,0.9997325472033036,1.9997288564616744,1.3806432367720993,0.2756999249581893
MUL,diagnostic,1024,1,4802,4816,448.0677659259259,448.07301977777774,0.005258671630235304,448.06669980246915,1.1736358967434083e-05,448.167947,448.25336949999996,0.044087490546471535,448.17657760000003,9.83708046113464e-05,448.12477,448.263474,56.92150962962963,283.55242740740744,37.22719407407408,343.8455562962963,10.073345185185218,377.701122962963,-70.36648222222226,raw/sweep/MUL_1024MiB_1core_diagnostic.json,v1-latched64,740e60f3966a30d58dd8e532f11666614786d21e218e6a6a07c1623565eaf1ac,1073741824,536870912.0,3221225472,7.1891479748456835,7.187540951026558,37.72710284693784,28.842942658087143,1.8933744172418077,1.1981913291409472,322,1.0,1.0,,,
MUL,pipeline,1024,1,4817,4831,335.0795385185185,335.0802379259259,0.006781757870724264,335.0770612839506,2.0239397602264617e-05,335.150215,335.1929306,0.0221058351206472,335.15803766666664,6.595645228903233e-05,335.129219,335.206358,56.535004444444446,282.9151911111111,37.11877111111111,,,376.5686162962962,41.4894177777777,raw/sweep/MUL_1024MiB_1core_pipeline.json,v1-latched64,740e60f3966a30d58dd8e532f11666614786d21e218e6a6a07c1623565eaf1ac,1073741824,536870912.0,3221225472,9.613315949526342,9.61128869334009,37.98502660613177,28.92719214183755,1.8976390411964528,1.6022193249210568,323,1.0,1.0,,1.3371982303275227,0.25216772104531726
MUL,diagnostic,1024,2,4832,4846,226.70460296296295,226.74050755555555,0.07979687199383996,226.6683169382716,0.0003520424604183697,226.750663,226.774567,0.0732784371270361,226.70881773333335,0.0003232271151148166,226.572733,226.77575,28.323376296296296,141.7762148148148,21.417209629629628,171.92278370370371,5.040560740740759,191.51730074074075,-35.1871362962963,raw/sweep/MUL_1024MiB_2core_diagnostic.json,v1-latched64,740e60f3966a30d58dd8e532f11666614786d21e218e6a6a07c1623565eaf1ac,1073741824,536870912.0,3221225472,14.20891075831511,14.20602449131538,75.82018561398753,50.13453398310732,3.7867488048065736,2.3681517930525184,324,1.9764387668790624,0.9882193834395312,1.9764387668790624,,
MUL,pipeline,1024,2,4847,4861,167.5430585185185,167.54722007407406,0.0023769869041375276,167.5434242469136,1.4187288548158676e-05,167.577525,167.6843111,0.04984173238141842,167.59926173333332,0.00029738634804204236,167.561734,167.748737,28.31844,141.4583125925926,18.57211037037037,,,188.34901333333335,20.80595481481484,raw/sweep/MUL_1024MiB_2core_pipeline.json,v1-latched64,740e60f3966a30d58dd8e532f11666614786d21e218e6a6a07c1623565eaf1ac,1073741824,536870912.0,3221225472,19.226254435625922,19.222300078724757,75.8334021224333,57.81474493674286,3.7952588445347613,3.204375739270987,325,1.9999607353561726,0.9999803676780863,1.9999607353561726,1.3531124772794172,0.2609631373656306
MUL,diagnostic,1024,4,4862,4876,113.27007555555555,113.38062214814815,0.07339442314527317,113.2748461728395,0.000647932225246944,113.401517,113.4996042,0.0838584991474721,113.39483646666666,0.0007395266112679036,113.256581,113.600477,14.266334814814815,70.88810814814815,10.523085185185185,85.96140074074074,2.515973333333326,95.68102888888889,-17.589262222222217,raw/sweep/MUL_1024MiB_4core_diagnostic.json,v1-latched64,740e60f3966a30d58dd8e532f11666614786d21e218e6a6a07c1623565eaf1ac,1073741824,536870912.0,3221225472,28.438450810603424,28.405488367496883,150.52805614585426,102.03678912641098,7.573497530474369,4.739741801767238,326,3.9557470384679156,0.9889367596169789,2.0014518561150885,,
MUL,pipeline,1024,4,4877,4891,83.77172074074075,83.77359688888889,0.0015651095734828748,83.77156227160494,1.8683065363022145e-05,83.808315,83.8833629,0.03287378994767306,83.82139366666667,0.0003921885393411922,83.788854,83.896791,14.164111851851851,70.72922444444444,9.286605925925926,,,94.17911481481482,10.405919259259264,raw/sweep/MUL_1024MiB_4core_pipeline.json,v1-latched64,740e60f3966a30d58dd8e532f11666614786d21e218e6a6a07c1623565eaf1ac,1073741824,536870912.0,3221225472,38.45242097830538,38.43563102300768,151.61442316054803,115.62263248431553,7.590510375547735,6.408736829717564,327,3.9999123278789126,0.9999780819697281,1.9999954284935346,1.352127836864032,0.26042495928544473
MUL,diagnostic,1024,8,4892,4906,56.97384074074074,57.02138659259259,0.03890816938918908,56.96266009876543,0.00068304691743201,57.081318,57.1615009,0.06771836929378561,57.07405633333333,0.0011865000254806773,56.917696,57.2348,7.255823703703704,35.44405481481481,5.484174074074074,42.98070222222222,1.257585185185187,48.17927925925926,-8.79424074074074,raw/sweep/MUL_1024MiB_8core_diagnostic.json,v1-latched64,740e60f3966a30d58dd8e532f11666614786d21e218e6a6a07c1623565eaf1ac,1073741824,536870912.0,3221225472,56.53867512036226,56.432219592406746,295.96689992672043,195.78915794741366,15.14699474439364,9.423112520060375,328,7.864447263874252,0.9830559079842816,1.988106718502455,,
MUL,pipeline,1024,8,4907,4921,41.88860666666667,41.88918333333333,0.0009925233517132938,41.888160691358024,2.3694603327810048e-05,41.907736,41.9212755,0.006508116454163461,41.910373066666665,0.000155286531184321,41.902989,41.927453,7.163733333333333,35.36569851851852,4.6485111111111115,,,47.17568,5.28789037037037,raw/sweep/MUL_1024MiB_8core_pipeline.json,v1-latched64,740e60f3966a30d58dd8e532f11666614786d21e218e6a6a07c1623565eaf1ac,1073741824,536870912.0,3221225472,76.89979992968654,76.86469801184201,299.77157832042883,230.9861799477013,15.180554449359414,12.816633321614422,329,7.999300172119638,0.9999125215149548,1.9998688762164782,1.3601273776928542,0.2647747436006531
MUL,diagnostic,1024,16,4922,4936,28.927199259259258,28.973613777777775,0.028403773479207195,28.929081185185186,0.0009818415350762331,29.059746,29.0958054,0.044780782763634834,29.046191733333334,0.001541709260021324,28.974093,29.11651,3.8013355555555557,17.722028148148148,3.0034533333333333,21.490356296296298,0.6281881481481504,24.53072074074074,-4.396513333333331,raw/sweep/MUL_1024MiB_16core_diagnostic.json,v1-latched64,740e60f3966a30d58dd8e532f11666614786d21e218e6a6a07c1623565eaf1ac,1073741824,536870912.0,3221225472,111.35628593455772,110.84836983778179,564.9287248165995,357.5024163296472,30.293988222566952,18.559380989092954,330,15.489496992437132,0.9680935620273208,1.9695595218228423,,
MUL,pipeline,1024,16,4937,4951,20.945534814814813,20.94584037037037,0.00029255069018841937,20.945474222222224,1.3967250733241265e-05,21.077034,21.1545308,0.05092829486453981,21.076166666666666,0.0024163926804149937,21.00087,21.181184,4.335614814814815,17.684125925925926,2.4551118518518518,,,24.47909037037037,3.533308888888886,raw/sweep/MUL_1024MiB_16core_pipeline.json,v1-latched64,740e60f3966a30d58dd8e532f11666614786d21e218e6a6a07c1623565eaf1ac,1073741824,536870912.0,3221225472,153.7905572944178,152.8310611445614,495.3123696925379,437.3494524048237,30.358917045083746,25.63175954906963,331,15.997659715115805,0.9998537321947378,1.9998824110730649,1.3810675886298687,0.27592247603748254
SUB,diagnostic,1,1,4952,4966,0.21308740740740742,0.21328925925925926,0.00010371133758750532,0.21310133333333334,0.00048667615526027676,0.237374,0.2523579,0.007295553758152652,0.23779626666666667,0.030679849858110973,0.230439,0.255566,0.05561851851851852,0.043372592592592595,0.036362962962962965,0.11119037037037037,0.009920740740740723,0.13535629629629628,-0.07773481481481481,raw/sweep/SUB_1MiB_1core_diagnostic.json,v1-latched64,740e60f3966a30d58dd8e532f11666614786d21e218e6a6a07c1623565eaf1ac,1048576,524288.0,3145728,14.762618017992963,13.252201167777432,37.70600253046547,28.836374006926054,12.088002322682014,2.4604363363321604,332,1.0,1.0,,,
SUB,pipeline,1,1,4967,4981,0.10096148148148149,0.10100274074074074,2.5855990329894505e-05,0.1009677037037037,0.00025608179032941657,0.111897,0.1194749,0.003714806375778394,0.11296053333333334,0.03288587851135966,0.110519,0.124454,0.05520222222222222,0.04145851851851852,0.03671481481481482,,,0.13337333333333334,0.03242370370370372,raw/sweep/SUB_1MiB_1core_pipeline.json,v1-latched64,740e60f3966a30d58dd8e532f11666614786d21e218e6a6a07c1623565eaf1ac,1048576,524288.0,3145728,31.157704441737952,28.112710796536103,37.99035465560967,28.5600242106325,12.646086226303845,5.1929507402896595,333,1.0,1.0,,2.110581226430322,0.5261968658314446
SUB,diagnostic,1,2,4982,4996,0.10900444444444445,0.10936651851851852,0.00020418576278337939,0.10904217283950618,0.0018725393805560935,0.126781,0.4917296999999987,0.3037799938325197,0.2056242,1.4773552618442756,0.119637,1.303435,0.02779259259259259,0.02168888888888889,0.020676296296296297,0.05560592592592593,0.005005925925925924,0.0700837037037037,-0.03892074074074074,raw/sweep/SUB_1MiB_2core_diagnostic.json,v1-latched64,740e60f3966a30d58dd8e532f11666614786d21e218e6a6a07c1623565eaf1ac,1048576,524288.0,3145728,28.858713202315908,24.812298372784568,75.45722814498934,50.71391824597857,24.17311475409836,4.809785533719318,334,1.9548506347005898,0.9774253173502949,1.9548506347005898,,
SUB,pipeline,1,2,4997,5011,0.05145185185185185,0.05153496296296296,3.77881508738244e-05,0.05146962962962963,0.0007341834620871415,0.065357,0.07675789999999999,0.005589661464320919,0.066437,0.0841347662344916,0.061088,0.079714,0.027828148148148147,0.02074222222222222,0.018474074074074073,,,0.06707555555555555,0.015616296296296295,raw/sweep/SUB_1MiB_2core_pipeline.json,v1-latched64,740e60f3966a30d58dd8e532f11666614786d21e218e6a6a07c1623565eaf1ac,1048576,524288.0,3145728,61.139257126403685,48.13146258243187,75.36081771720613,56.75932638331997,25.27636597385901,10.189876187733947,335,1.9622516556291392,0.9811258278145696,1.9622516556291392,2.118571839907861,0.5279839082334394
SUB,diagnostic,1,4,5012,5026,0.05586740740740741,0.056048592592592594,0.0002480512590864344,0.055818765432098766,0.004443868601647569,0.069091,0.08747779999999998,0.007931997876593622,0.0719512,0.11024135631641475,0.066281,0.096127,0.013984444444444445,0.010848148148148148,0.011497037037037037,0.02781037037037037,0.002561481481481484,0.036357037037037035,-0.01952370370370371,raw/sweep/SUB_1MiB_4core_diagnostic.json,v1-latched64,740e60f3966a30d58dd8e532f11666614786d21e218e6a6a07c1623565eaf1ac,1048576,524288.0,3145728,56.30703384998873,45.53021377603451,149.96319720324166,91.20402035951292,48.32972345510413,9.384505641664788,336,3.814163164105488,0.953540791026372,1.9511276700123308,,
SUB,pipeline,1,4,5027,5041,0.026708148148148148,0.026739111111111113,1.8924371003679344e-05,0.026710765432098764,0.0007084922763365522,0.044358,0.09284149999999995,0.02257700630498291,0.052981466666666664,0.4261302626261053,0.037047,0.124856,0.014851851851851852,0.010395555555555555,0.009185185185185185,,,0.034424444444444445,0.0077133333333333325,raw/sweep/SUB_1MiB_4core_pipeline.json,v1-latched64,740e60f3966a30d58dd8e532f11666614786d21e218e6a6a07c1623565eaf1ac,1048576,524288.0,3145728,117.7815842023519,70.91681320167726,141.2047481296758,114.15948387096775,50.433860624198374,19.630264033725318,337,3.7801752828932775,0.9450438207233194,1.9264477479476372,2.0917739072553805,0.5219368610864348
SUB,diagnostic,1,8,5042,5056,0.02990148148148148,0.030190296296296295,0.00016689425182642923,0.0299239012345679,0.005577289221688583,0.058419,0.10849139999999996,0.025667494967834503,0.06452026666666667,0.39782065843654035,0.041788,0.13313,0.0072,0.005427407407407408,0.007403703703703704,0.013914814814814816,0.0013874074074074101,0.02002814814814815,-0.009882222222222223,raw/sweep/SUB_1MiB_8core_diagnostic.json,v1-latched64,740e60f3966a30d58dd8e532f11666614786d21e218e6a6a07c1623565eaf1ac,1048576,524288.0,3145728,105.20308172517156,53.847686540337904,291.2711111111111,141.62857428714355,96.60008188890404,17.533846954195262,338,7.1263160502390575,0.8907895062798822,1.8683825897391435,,
SUB,pipeline,1,8,5057,5071,0.014635555555555556,0.014692444444444444,3.816470249193091e-05,0.014635160493827161,0.00260774061945054,0.063622,0.14158609999999988,0.04958385679816519,0.06797486666666666,0.7294439728924101,0.027748,0.216946,0.010022222222222222,0.005226666666666667,0.006076296296296297,,,0.021379259259259258,0.006782222222222221,raw/sweep/SUB_1MiB_8core_pipeline.json,v1-latched64,740e60f3966a30d58dd8e532f11666614786d21e218e6a6a07c1623565eaf1ac,1048576,524288.0,3145728,214.93738232614638,49.444028795070885,209.25019955654102,172.56827989759842,100.31020408163265,35.82289705435773,339,6.8983702803927525,0.8622962850490941,1.824881060836117,2.043071161048689,0.5105407882676443
SUB,diagnostic,1,16,5072,5086,0.017613333333333335,0.01774385185185185,8.63287401827474e-05,0.017606518518518518,0.004903226046191183,0.059223,0.1742140999999998,0.06728603134996572,0.0786226,0.8558103058149402,0.035206,0.302704,0.004582222222222222,0.002717037037037037,0.00529925925925926,0.006970370370370371,0.0007851851851851839,0.01256,-0.005034074074074073,raw/sweep/SUB_1MiB_16core_diagnostic.json,v1-latched64,740e60f3966a30d58dd8e532f11666614786d21e218e6a6a07c1623565eaf1ac,1048576,524288.0,3145728,178.59924299772896,53.11666075680057,457.67138700290985,197.8721833939055,192.96314067611777,29.766540499621495,340,12.098073849777105,0.7561296156110691,1.6976617040962232,,
SUB,pipeline,1,16,5087,5101,0.01037925925925926,0.010551185185185186,9.414287364658167e-05,0.01039051851851852,0.009060459637196677,0.028483,0.09340849999999998,0.026650017067447407,0.04202753333333333,0.6341085225268374,0.022284,0.108574,0.007374814814814815,0.0027325925925925925,0.003557037037037037,,,0.013665925925925925,0.003313333333333333,raw/sweep/SUB_1MiB_16core_pipeline.json,v1-latched64,740e60f3966a30d58dd8e532f11666614786d21e218e6a6a07c1623565eaf1ac,1048576,524288.0,3145728,303.07827576363115,110.44229891514236,284.366733627963,294.78917117867553,191.86467877473572,50.51304596060519,341,9.727233799600342,0.6079521124750213,1.4100770767913218,1.6969740222666287,0.4107157877029187
SUB,diagnostic,2,1,5102,5116,0.42612518518518516,0.42636274074074076,0.00012198941003394124,0.42614765432098767,0.00028626089759502705,0.480942,0.5395082,0.03906392376056748,0.492043,0.07939128035673199,0.439381,0.549598,0.11130592592592592,0.0867362962962963,0.07268370370370371,0.2223548148148148,0.019768148148148132,0.27072444444444443,-0.15537777777777778,raw/sweep/SUB_2MiB_1core_diagnostic.json,v1-latched64,740e60f3966a30d58dd8e532f11666614786d21e218e6a6a07c1623565eaf1ac,2097152,1048576.0,6291456,14.764337379556347,13.081527502276781,37.68266572609358,28.85312515923891,12.089241122516952,2.4607228965927246,342,1.0,1.0,,,
SUB,pipeline,2,1,5117,5131,0.20004814814814814,0.20011103703703706,2.9233686053723508e-05,0.20005901234567902,0.00014612531428082355,0.211956,0.2184236,0.0031743389383048068,0.21293886666666667,0.014907278262516066,0.210645,0.22308,0.11036740740740741,0.0828762962962963,0.07338296296296297,,,0.26663037037037035,0.06657925925925925,raw/sweep/SUB_2MiB_1core_pipeline.json,v1-latched64,740e60f3966a30d58dd8e532f11666614786d21e218e6a6a07c1623565eaf1ac,2097152,1048576.0,6291456,31.449708773813715,29.68283983468267,38.003103439018496,28.578186479857063,12.652302852086555,5.241618128968952,343,1.0,1.0,,2.1301131209153352,0.5305413641270431
SUB,diagnostic,2,2,5132,5146,0.21850592592592594,0.2188531111111111,0.00022130241149225332,0.21853501234567901,0.001012663413138563,0.231425,0.24697379999999997,0.009927066951378077,0.2344464,0.042342586413688064,0.229136,0.269308,0.05543037037037037,0.04337185185185185,0.04198,0.11118444444444445,0.009942222222222213,0.14076592592592593,-0.07775333333333334,raw/sweep/SUB_2MiB_2core_diagnostic.json,v1-latched64,740e60f3966a30d58dd8e532f11666614786d21e218e6a6a07c1623565eaf1ac,2097152,1048576.0,6291456,28.79306807510941,27.185723236469702,75.66797717523485,49.955979037636965,24.176417543380246,4.798844679184901,344,1.9501767898489064,0.9750883949244532,1.9501767898489064,,
SUB,pipeline,2,2,5147,5161,0.10100148148148148,0.10105844444444444,3.168258209537775e-05,0.10100637037037037,0.0003136691475914241,0.114337,0.12545409999999999,0.004665511581197253,0.11585279999999999,0.04027102997249314,0.110696,0.127097,0.05533629629629629,0.04145111111111111,0.03670222222222222,,,0.1335037037037037,0.0324925925925926,raw/sweep/SUB_2MiB_2core_pipeline.json,v1-latched64,740e60f3966a30d58dd8e532f11666614786d21e218e6a6a07c1623565eaf1ac,2097152,1048576.0,6291456,62.29072987561605,55.02554728565556,75.79661597772544,57.13964640348753,25.29669222109044,10.381788312602675,345,1.980645681764844,0.990322840882422,1.980645681764844,2.163393276226238,0.5377631931331637
SUB,diagnostic,2,4,5162,5176,0.10999925925925925,0.11058866666666665,0.00035650346160963803,0.1100199012345679,0.0032403543141668063,0.133713,0.17045309999999997,0.02005080876055579,0.14100533333333334,0.14219893876748718,0.121665,0.191374,0.02789925925925926,0.02169037037037037,0.021475555555555557,0.05560222222222222,0.005025925925925913,0.07103703703703704,-0.03894296296296297,raw/sweep/SUB_2MiB_4core_diagnostic.json,v1-latched64,740e60f3966a30d58dd8e532f11666614786d21e218e6a6a07c1623565eaf1ac,2097152,1048576.0,6291456,57.19543969993064,47.05193960198336,150.3374681393373,97.65298013245032,48.34292739566969,9.532573283321774,346,3.873891406676139,0.9684728516690347,1.9864308850564651,,
SUB,pipeline,2,4,5177,5191,0.05152148148148148,0.05159251851851852,4.4043933197126966e-05,0.051521135802469135,0.000854871161342219,0.067645,0.15434369999999997,0.03322753000120461,0.08003746666666667,0.4151496965738289,0.06144,0.173719,0.029951111111111112,0.020765925925925927,0.01852888888888889,,,0.06942962962962963,0.017951851851851858,raw/sweep/SUB_2MiB_4core_pipeline.json,v1-latched64,740e60f3966a30d58dd8e532f11666614786d21e218e6a6a07c1623565eaf1ac,2097152,1048576.0,6291456,122.11325876297553,93.00696282060758,140.03834396794775,113.18282561765412,50.49502746664764,20.352209793829253,347,3.882810478189608,0.970702619547402,1.9603761106478421,2.1350173965551944,0.5316197415470811
SUB,diagnostic,2,8,5192,5206,0.057957777777777775,0.05824074074074074,0.00015026013109233175,0.0580042962962963,0.0025905000264941787,0.107096,0.21089609999999992,0.05434884594358927,0.1201964,0.45216700286854905,0.070243,0.261301,0.01448,0.010848888888888889,0.013184444444444445,0.027815555555555555,0.0026074074074074072,0.03837851851851852,-0.019562962962962963,raw/sweep/SUB_2MiB_8core_diagnostic.json,v1-latched64,740e60f3966a30d58dd8e532f11666614786d21e218e6a6a07c1623565eaf1ac,2097152,1048576.0,6291456,108.5524021318201,58.74594756106671,289.6618784530387,159.06259902241698,96.65284719377304,18.092067021970017,348,7.3523382283399155,0.9190422785424894,1.8979205807548278,,
SUB,pipeline,2,8,5207,5221,0.027045925925925925,0.02713474074074074,4.892468359866609e-05,0.027066172839506172,0.0018075951812165673,0.049058,0.12306439999999999,0.02879201840540435,0.062146,0.46329640532623745,0.039026,0.125198,0.02020962962962963,0.010417037037037037,0.011591851851851851,,,0.04215481481481482,0.015148148148148154,raw/sweep/SUB_2MiB_8core_pipeline.json,v1-latched64,740e60f3966a30d58dd8e532f11666614786d21e218e6a6a07c1623565eaf1ac,2097152,1048576.0,6291456,232.62120946538127,128.24526071181052,207.53987464721624,180.91604575372227,100.65971698784043,38.77020157756354,349,7.396609333917616,0.924576166739702,1.9049627519719545,2.1429393076248906,0.5333512263077848
SUB,diagnostic,2,16,5222,5236,0.03286962962962963,0.03341792592592593,0.00026101516743314403,0.032956543209876545,0.007919980131742761,0.077972,0.13677879999999998,0.03272982396545273,0.08751366666666667,0.37399671630853154,0.047387,0.147927,0.008285925925925926,0.0054266666666666664,0.009285925925925927,0.013913333333333333,0.0013955555555555527,0.022972592592592593,-0.009877037037037035,raw/sweep/SUB_2MiB_16core_diagnostic.json,v1-latched64,740e60f3966a30d58dd8e532f11666614786d21e218e6a6a07c1623565eaf1ac,2097152,1048576.0,6291456,191.40635507279035,80.68865746678294,506.1961737886644,225.8419910657307,193.22653562653562,31.901059178798395,350,12.964100599450127,0.8102562874656329,1.763262270699058,,
SUB,pipeline,2,16,5237,5251,0.01844,0.01878214814814815,0.00021297861456172254,0.01846474074074074,0.01153434091234246,0.100388,0.2019009,0.06179059096735714,0.11088633333333334,0.5572426205275415,0.032899,0.207335,0.014802222222222222,0.005436296296296297,0.005840740740740741,,,0.026127407407407408,0.007703703703703706,raw/sweep/SUB_2MiB_16core_pipeline.json,v1-latched64,740e60f3966a30d58dd8e532f11666614786d21e218e6a6a07c1623565eaf1ac,2097152,1048576.0,6291456,341.1852494577006,62.67139498744869,283.3563729169794,359.0558275206087,192.88426216105736,56.864208242950106,351,10.848598055756407,0.6780373784847754,1.4666988029243992,1.7825178757933637,0.43899580835624463
SUB,diagnostic,4,1,5252,5266,0.8524503703703704,0.8526001481481481,0.00014533595454166982,0.8524299259259259,0.00017049607260538523,0.872347,0.8949145000000001,0.011331502551147706,0.8753852666666667,0.012944589065676575,0.86334,0.896514,0.22291851851851852,0.17346444444444445,0.14540592592592594,0.44469703703703706,0.03944000000000006,0.5417896296296296,-0.31066814814814814,raw/sweep/SUB_4MiB_1core_diagnostic.json,v1-latched64,740e60f3966a30d58dd8e532f11666614786d21e218e6a6a07c1623565eaf1ac,4194304,2097152.0,12582912,14.760873403730248,14.42420504684489,37.63082607828803,28.84548186940264,12.089808990635289,2.4601455672883747,352,1.0,1.0,,,
SUB,pipeline,4,1,5267,5281,0.39824444444444446,0.39828251851851854,3.0614410743039063e-05,0.39824187654320986,7.687391142482565e-05,0.416427,0.43893829999999995,0.012040360056315357,0.420539,0.028630781107852915,0.409969,0.459078,0.22088592592592593,0.1657237037037037,0.14678222222222223,,,0.5334037037037037,0.13513037037037046,raw/sweep/SUB_4MiB_1core_pipeline.json,v1-latched64,740e60f3966a30d58dd8e532f11666614786d21e218e6a6a07c1623565eaf1ac,4194304,2097152.0,12582912,31.59595111879917,30.21636925559582,37.97710499134797,28.575013625628294,12.654508396393819,5.265991853133195,353,1.0,1.0,,2.140520432267545,0.5328238941682715
SUB,diagnostic,4,2,5282,5296,0.43641111111111114,0.43689170370370367,0.0012312814387126024,0.43606172839506174,0.0028236402292041783,0.460344,1.0638686999999982,0.4766304073813328,0.5861219333333333,0.8131932628261983,0.445133,2.307481,0.11169925925925926,0.08674,0.08274666666666666,0.22235407407407407,0.019742962962962976,0.28102074074074074,-0.15536296296296298,raw/sweep/SUB_4MiB_2core_diagnostic.json,v1-latched64,740e60f3966a30d58dd8e532f11666614786d21e218e6a6a07c1623565eaf1ac,4194304,2097152.0,12582912,28.83270310868956,27.333715656118034,75.09994296855312,50.68849500483403,24.177449850126816,4.805450518114927,354,1.9533195848291196,0.9766597924145598,1.9533195848291196,,
SUB,pipeline,4,2,5297,5311,0.20009703703703705,0.2001334074074074,2.4244492456266833e-05,0.20010044444444444,0.0001211616122271934,0.220489,0.4836433999999992,0.20117327984714356,0.27601180000000003,0.7288575337979881,0.20963,1.000837,0.11036074074074075,0.08286444444444445,0.07336148148148149,,,0.266602962962963,0.06652148148148151,raw/sweep/SUB_4MiB_2core_pipeline.json,v1-latched64,740e60f3966a30d58dd8e532f11666614786d21e218e6a6a07c1623565eaf1ac,4194304,2097152.0,12582912,62.88404959075412,57.0682074842736,76.0107982575661,57.17310931157737,25.308224945694437,10.480674931792352,355,1.9902565792152696,0.9951282896076348,1.9902565792152696,2.1809973679437014,0.5414941738591712
SUB,diagnostic,4,4,5312,5326,0.22055481481481481,0.22166637037037037,0.0007850107556409762,0.22051293827160492,0.003559930595428743,0.246667,0.28899179999999997,0.021390088675432295,0.2539826,0.08421871685474633,0.230718,0.289633,0.05574814814814815,0.04337407407407407,0.04339481481481482,0.11119259259259259,0.009947407407407405,0.14277407407407405,-0.07776592592592593,raw/sweep/SUB_4MiB_4core_diagnostic.json,v1-latched64,740e60f3966a30d58dd8e532f11666614786d21e218e6a6a07c1623565eaf1ac,4194304,2097152.0,12582912,57.05117800563562,51.01173647062639,150.4733032155195,96.65449703838996,48.35035778328068,9.508529667605936,356,3.8650272544995956,0.9662568136248989,1.9786968218197207,,
SUB,pipeline,4,4,5327,5341,0.10107111111111111,0.10117622222222222,4.6841753238917455e-05,0.1010796049382716,0.00046341448670603023,0.113702,0.16095779999999996,0.02050853520505896,0.1218296,0.16833786867115186,0.111013,0.186911,0.057493333333333334,0.04147925925925926,0.03707481481481482,,,0.13616,0.03510814814814815,raw/sweep/SUB_4MiB_4core_pipeline.json,v1-latched64,740e60f3966a30d58dd8e532f11666614786d21e218e6a6a07c1623565eaf1ac,4194304,2097152.0,12582912,124.49563343740381,110.66570508874075,145.90575139146566,113.13081456913946,50.559051377752375,20.7492722395673,357,3.9402400949826304,0.9850600237456576,1.9797648886739077,2.182174633188221,0.5417415339766044
SUB,diagnostic,4,8,5342,5356,0.11678444444444444,0.11800918518518519,0.0013686593598844473,0.11652335802469135,0.011745794002902214,0.156516,0.23527169999999986,0.04863058249291283,0.1695528,0.28681674671791224,0.13131,0.323856,0.02878148148148148,0.021689629629629628,0.027271851851851853,0.055603703703703704,0.005064444444444448,0.07778148148148148,-0.03897037037037038,raw/sweep/SUB_4MiB_8core_diagnostic.json,v1-latched64,740e60f3966a30d58dd8e532f11666614786d21e218e6a6a07c1623565eaf1ac,4194304,2097152.0,12582912,107.74476052746752,80.39377443839608,291.45852013897826,153.7960833310699,96.6891567910932,17.95746008791125,358,7.299348594117685,0.9124185742647106,1.8885632916611168,,
SUB,pipeline,4,8,5357,5371,0.051905925925925925,0.05205311111111111,6.47658873024751e-05,0.05192479012345679,0.0012473018600265347,0.069178,0.35040099999999935,0.1774615537348328,0.12887813333333334,1.3769717883470751,0.063827,0.760636,0.04153703703703704,0.020828148148148148,0.02510888888888889,,,0.08791925925925925,0.03599851851851852,raw/sweep/SUB_4MiB_8core_pipeline.json,v1-latched64,740e60f3966a30d58dd8e532f11666614786d21e218e6a6a07c1623565eaf1ac,4194304,2097152.0,12582912,242.41763874816263,181.89181531700828,201.95489612126616,167.04458801663864,100.68835621310193,40.40293979136044,359,7.672427325788821,0.9590534157236026,1.9471979221668831,2.2499250781328044,0.5555407556815659
SUB,diagnostic,4,16,5372,5386,0.06517333333333333,0.0666562962962963,0.0015176175104726745,0.06481525925925925,0.023414509604941118,0.088242,0.14163439999999994,0.026839468838864542,0.09675586666666666,0.2773937102060086,0.076492,0.184494,0.016193333333333334,0.010848148148148148,0.01827925925925926,0.027811111111111113,0.0026148148148148094,0.045605185185185186,-0.019574074074074077,raw/sweep/SUB_4MiB_16core_diagnostic.json,v1-latched64,740e60f3966a30d58dd8e532f11666614786d21e218e6a6a07c1623565eaf1ac,4194304,2097152.0,12582912,193.06841243862522,142.5954987420956,518.0284890901605,229.4570004457592,193.31889382041652,32.178068739770865,360,13.079741771231134,0.8174838607019459,1.791905346426623,,
SUB,pipeline,4,16,5387,5401,0.03435111111111111,0.03479977777777778,0.0002703807299119419,0.03438893827160494,0.007862433198037875,0.074572,0.18985719999999978,0.07057351294386652,0.10000333333333333,0.7057116057184746,0.049017,0.338659,0.029363703703703704,0.01090962962962963,0.011180740740740741,,,0.051532592592592595,0.017100000000000004,raw/sweep/SUB_4MiB_16core_pipeline.json,v1-latched64,740e60f3966a30d58dd8e532f11666614786d21e218e6a6a07c1623565eaf1ac,4194304,2097152.0,12582912,366.30291111398634,168.7350748270128,285.6794934537474,375.1365045713528,192.2294405214557,61.050485185664385,361,11.593349721826886,0.7245843576141804,1.5110406693405787,1.8972700219950835,0.4729268957992363
SUB,diagnostic,8,1,5402,5416,1.7048622222222223,1.7051322962962963,0.00013931684801216177,1.7049224691358025,8.171447707107715e-05,1.744561,1.8280874999999999,0.04368421497793103,1.7644883333333332,0.02475744052974622,1.722843,1.856665,0.44588666666666665,0.34692518518518517,0.2908496296296296,0.8893681481481481,0.07879111111111109,1.0836474074074074,-0.6212318518518518,raw/sweep/SUB_8MiB_1core_diagnostic.json,v1-latched64,740e60f3966a30d58dd8e532f11666614786d21e218e6a6a07c1623565eaf1ac,8388608,4194304.0,25165824,14.761206901046418,14.425304704163397,37.62663756111419,28.8417351972637,12.08993805901155,2.460201150174403,362,1.0,1.0,,,
SUB,pipeline,8,1,5417,5431,0.7946051851851852,0.7946783703703704,4.448011502130955e-05,0.794605975308642,5.59775742990512e-05,0.813166,0.8206886,0.005824214561393048,0.8137046,0.007157652250451881,0.803337,0.828649,0.44186444444444445,0.33147777777777776,0.29382814814814817,,,1.067205925925926,0.2726007407407407,raw/sweep/SUB_8MiB_1core_pipeline.json,v1-latched64,740e60f3966a30d58dd8e532f11666614786d21e218e6a6a07c1623565eaf1ac,8388608,4194304.0,25165824,31.67085298359213,30.94795404628329,37.96914689774138,28.54936823741769,12.653348975966214,5.2784754972653545,363,1.0,1.0,,2.1455463090451627,0.5339182399446637
SUB,diagnostic,8,2,5432,5446,0.8703585185185185,0.8710253333333333,0.002423857084102063,0.8697061234567901,0.00278698403831865,0.882042,0.8889485,0.004156918255264643,0.8824213333333334,0.004710808882602539,0.871776,0.8908,0.2220037037037037,0.17347407407407409,0.1635837037037037,0.44469703703703706,0.039404444444444436,0.5597296296296296,-0.31062888888888895,raw/sweep/SUB_8MiB_2core_diagnostic.json,v1-latched64,740e60f3966a30d58dd8e532f11666614786d21e218e6a6a07c1623565eaf1ac,8388608,4194304.0,25165824,28.9143191737079,28.53132163774514,75.57178425451694,51.280218078410414,24.178275758999103,4.819053195617983,364,1.9588045454235974,0.9794022727117987,1.9588045454235974,,
SUB,pipeline,8,2,5447,5461,0.39834592592592594,0.39838614814814816,3.012348570270595e-05,0.3983467160493827,7.56212728485794e-05,0.416906,0.4551773999999999,0.026170901545327748,0.4247031333333333,0.06162163518767168,0.408401,0.517448,0.22203185185185184,0.16568888888888889,0.14744518518518518,,,0.5353355555555555,0.13693333333333324,raw/sweep/SUB_8MiB_2core_pipeline.json,v1-latched64,740e60f3966a30d58dd8e532f11666614786d21e218e6a6a07c1623565eaf1ac,8388608,4194304.0,25165824,63.1758036473045,60.3633049176553,75.56220362110209,56.89306157718374,25.3143347639485,10.529300607884084,365,1.9947616718764818,0.9973808359382409,1.9947616718764818,2.184931392220051,0.5423197252047688
SUB,diagnostic,8,4,5462,5476,0.4387977777777778,0.44121066666666664,0.0015225158090875607,0.4391341728395062,0.003467085695569419,0.474278,0.5276187,0.024088548380822746,0.48011033333333336,0.05017294298495848,0.457899,0.541856,0.11168222222222222,0.08674,0.08492222222222222,0.22235925925925926,0.01976518518518522,0.2834288888888889,-0.15539333333333333,raw/sweep/SUB_8MiB_4core_diagnostic.json,v1-latched64,740e60f3966a30d58dd8e532f11666614786d21e218e6a6a07c1623565eaf1ac,8388608,4194304.0,25165824,57.35175808648884,53.06133533497232,150.22279881409557,98.77989271228576,48.35489970025363,9.55862634774814,366,3.8853027717146347,0.9713256929286587,1.9835071246857998,,
SUB,pipeline,8,4,5477,5491,0.20024592592592594,0.2003088148148148,3.413138344420785e-05,0.20025595061728396,0.00017043879764370905,0.216386,0.2650237999999999,0.02485417225355783,0.22618153333333332,0.1098859481906915,0.210087,0.306195,0.11909407407407407,0.08295333333333334,0.07378592592592592,,,0.2762555555555556,0.07595629629629633,raw/sweep/SUB_8MiB_4core_pipeline.json,v1-latched64,740e60f3966a30d58dd8e532f11666614786d21e218e6a6a07c1623565eaf1ac,8388608,4194304.0,25165824,125.67458680437387,116.30061094525523,140.8736423742202,113.68845609420647,50.5622116852849,20.945764467395644,367,3.968146575322196,0.992036643830549,1.9892835476377195,2.1912944083571313,0.5436487237012916
SUB,diagnostic,8,8,5492,5506,0.22918814814814814,0.23168607407407407,0.0030565251098177214,0.2283715061728395,0.013384003814838603,0.282968,0.3485204999999999,0.043000928579453236,0.2852265333333333,0.15076061850529068,0.244686,0.416053,0.05808962962962963,0.04337333333333333,0.049277037037037036,0.11118888888888889,0.009975555555555536,0.15138,-0.07778518518518518,raw/sweep/SUB_8MiB_8core_diagnostic.json,v1-latched64,740e60f3966a30d58dd8e532f11666614786d21e218e6a6a07c1623565eaf1ac,8388608,4194304.0,25165824,109.80421196881747,88.93522942523536,288.8160263194808,170.2336119295292,96.70236704580387,18.30070199480291,368,7.438701503535831,0.9298376879419789,1.9145744722110898,,
SUB,pipeline,8,8,5507,5521,0.10157259259259259,0.10164807407407407,5.413989374375249e-05,0.10156879012345679,0.0005330367101739175,0.122804,0.18059039999999996,0.026303217664294193,0.13472293333333332,0.1952393479973778,0.113694,0.211431,0.08240296296296297,0.04161259259259259,0.048051111111111114,,,0.17299407407407408,0.07141777777777779,raw/sweep/SUB_8MiB_8core_pipeline.json,v1-latched64,740e60f3966a30d58dd8e532f11666614786d21e218e6a6a07c1623565eaf1ac,8388608,4194304.0,25165824,247.7619538662369,204.92674505716428,203.599669195642,174.5767747306109,100.79410434875484,41.29365897770615,369,7.823027500856895,0.9778784376071119,1.9714562837744216,2.256397540893942,0.5568156843479722
SUB,diagnostic,8,16,5522,5536,0.1299525925925926,0.1320874074074074,0.00212639713942746,0.12967664197530865,0.01639768818066974,0.187237,0.5142280999999993,0.205448052551166,0.23817906666666666,0.8625781242089258,0.146837,0.96455,0.03261851851851852,0.021689629629629628,0.036071851851851855,0.055606666666666665,0.005066666666666678,0.09096444444444444,-0.03898370370370369,raw/sweep/SUB_8MiB_16core_diagnostic.json,v1-latched64,740e60f3966a30d58dd8e532f11666614786d21e218e6a6a07c1623565eaf1ac,8388608,4194304.0,25165824,193.65388175745002,134.40625517392397,514.346351765641,232.55274041522063,193.3783135821864,32.275646959575,370,13.11910896281265,0.8199443101757906,1.7636289017077453,,
SUB,pipeline,8,16,5537,5551,0.06545481481481481,0.06611562962962962,0.00043541847175084084,0.0654402962962963,0.006653675126704523,0.125305,0.22458389999999998,0.05025684248575606,0.13597793333333333,0.36959557520673253,0.078432,0.251263,0.05818888888888889,0.02184962962962963,0.021356296296296297,,,0.10135925925925926,0.03594296296296297,raw/sweep/SUB_8MiB_16core_pipeline.json,v1-latched64,740e60f3966a30d58dd8e532f11666614786d21e218e6a6a07c1623565eaf1ac,8388608,4194304.0,25165824,384.47628445973476,200.83655081600892,288.3233607026924,392.7932017619923,191.96224700817032,64.07938074328912,371,12.139751482504188,0.7587344676565118,1.5517971119460414,1.9853786609931647,0.4963177455026334
SUB,diagnostic,16,1,5552,5566,3.409845185185185,3.4100574814814815,0.0002122941818528668,3.4098061234567902,6.225989811926532e-05,3.457301,3.5342143000000004,0.03854250740688168,3.4701869333333333,0.011106752502770555,3.423282,3.542069,0.891882962962963,0.693845925925926,0.5816474074074074,1.7787392592592592,0.15752148148148137,2.1674066666666665,-1.242416296296296,raw/sweep/SUB_16MiB_1core_diagnostic.json,v1-latched64,740e60f3966a30d58dd8e532f11666614786d21e218e6a6a07c1623565eaf1ac,16777216,8388608.0,50331648,14.760684214836733,14.558075215319695,37.6220125211579,28.844306338064044,12.090015501360105,2.4601140358061224,372,1.0,1.0,,,
SUB,pipeline,16,1,5567,5581,1.5872703703703703,1.587330148148148,3.804264447112101e-05,1.5872687407407406,2.396736198141684e-05,1.609135,1.6501401,0.02079493177492556,1.6141486666666667,0.012882909861003444,1.596984,1.674624,0.8834051851851852,0.6627622222222223,0.5871148148148149,,,2.1333362962962963,0.5460792592592589,raw/sweep/SUB_16MiB_1core_pipeline.json,v1-latched64,740e60f3966a30d58dd8e532f11666614786d21e218e6a6a07c1623565eaf1ac,16777216,8388608.0,50331648,31.709561861383275,31.27869818256392,37.983059826580146,28.57569861406375,12.657040064645273,5.2849269768972125,373,1.0,1.0,,2.1482447154794047,0.5345036844292486
SUB,diagnostic,16,2,5582,5596,1.7470474074074074,1.7477182222222223,0.000546140984110124,1.746992,0.0003126179078725741,1.792816,1.8711942,0.04420142882542964,1.8164019333333332,0.02433460789392262,1.768718,1.873276,0.44293185185185185,0.3469407407407407,0.33574814814814813,0.8893829629629629,0.07884370370370375,1.1257570370370371,-0.6212866666666668,raw/sweep/SUB_16MiB_2core_diagnostic.json,v1-latched64,740e60f3966a30d58dd8e532f11666614786d21e218e6a6a07c1623565eaf1ac,16777216,8388608.0,50331648,28.809549063520507,28.07407341299944,75.75529251218313,49.969645677977326,24.17879198069902,4.801591510586751,374,1.951775991153752,0.975887995576876,1.951775991153752,,
SUB,pipeline,16,2,5597,5611,0.7947659259259259,0.7948319259259259,5.740052299849733e-05,0.7947627160493828,7.222347228846444e-05,0.824718,0.8990989,0.03341295634901157,0.8389568666666667,0.03982678690236785,0.808031,0.905954,0.4425659259259259,0.3313674074074074,0.29374222222222224,,,1.0676,0.2729125925925927,raw/sweep/SUB_16MiB_2core_pipeline.json,v1-latched64,740e60f3966a30d58dd8e532f11666614786d21e218e6a6a07c1623565eaf1ac,16777216,8388608.0,50331648,63.328895160373335,61.02891897594087,75.81792911372065,57.115439084911934,25.315126993423437,10.554815860062224,375,1.9971545314064054,0.9985772657032027,1.9971545314064054,2.198191128252064,0.5450805040801114
SUB,diagnostic,16,4,5612,5626,0.8748111111111111,0.8792555555555556,0.0024443697353769733,0.8755560987654321,0.002791791112897996,0.902763,0.9505037,0.020653446777256154,0.9107680666666667,0.022676955344784984,0.88772,0.96668,0.22313407407407407,0.17347555555555555,0.1680325925925926,0.4447022222222222,0.03942814814814821,0.5641666666666667,-0.310648888888889,raw/sweep/SUB_16MiB_4core_diagnostic.json,v1-latched64,740e60f3966a30d58dd8e532f11666614786d21e218e6a6a07c1623565eaf1ac,16777216,8388608.0,50331648,57.534303532191075,55.75289195503139,150.37789337750763,99.84501066812435,48.35613855298217,9.589050588698512,376,3.8978073573554504,0.9744518393388626,1.9970567191224349,,
SUB,pipeline,16,4,5627,5641,0.39856444444444444,0.3985954814814815,3.7942856119765775e-05,0.3985583209876543,9.520026084448777e-05,0.438539,0.5486798999999999,0.057414924868016665,0.4568938,0.1256636112549933,0.418963,0.639311,0.2361022222222222,0.16582592592592593,0.14824296296296297,,,0.5501162962962963,0.15152370370370372,raw/sweep/SUB_16MiB_4core_pipeline.json,v1-latched64,740e60f3966a30d58dd8e532f11666614786d21e218e6a6a07c1623565eaf1ac,16777216,8388608.0,50331648,126.2823332627095,114.77120164911217,142.1182388042844,113.17377678285897,50.586830455855086,21.047055543784918,377,3.9824685631023935,0.9956171407755984,1.9940713152015936,2.1949050481171315,0.5443994259078151
SUB,diagnostic,16,8,5642,5656,0.4603140740740741,0.46317896296296296,0.0032754542862387438,0.45925264197530863,0.007132140322918047,0.541955,0.6023772,0.04196378953642226,0.5454274,0.07693744307019094,0.485117,0.619348,0.11761481481481481,0.0867437037037037,0.10021481481481481,0.22236444444444445,0.0197859259259259,0.3049451851851852,-0.1554111111111111,raw/sweep/SUB_16MiB_8core_diagnostic.json,v1-latched64,740e60f3966a30d58dd8e532f11666614786d21e218e6a6a07c1623565eaf1ac,16777216,8388608.0,50331648,109.34197069955457,92.87052984103846,285.2908628290717,167.41253307709366,96.70567017352099,18.223661783259093,378,7.407649205695306,0.9259561507119133,1.900465704575298,,
SUB,pipeline,16,8,5657,5671,0.2008822222222222,0.20104607407407407,0.00011971187130533587,0.20088824691358023,0.0005959127681413563,0.235306,0.3124055999999999,0.0392546971210665,0.25080226666666666,0.15651651654822832,0.213184,0.365873,0.16271925925925926,0.08310518518518518,0.09429555555555555,,,0.34013407407407403,0.1392281481481481,raw/sweep/SUB_16MiB_8core_pipeline.json,v1-latched64,740e60f3966a30d58dd8e532f11666614786d21e218e6a6a07c1623565eaf1ac,16777216,8388608.0,50331648,250.55302277730456,213.8987021155432,206.21057490519914,177.92159875568544,100.93964632059327,41.75883712955076,379,7.90149746857381,0.9876871835717262,1.9840702678186224,2.291462474787143,0.5635974793377792
SUB,diagnostic,16,16,5672,5686,0.25888,0.2611718518518518,0.0033176457406079033,0.2580682469135802,0.01285569139282327,0.35522,0.429715,0.054093459896297824,0.35259786666666665,0.1534140305716479,0.278067,0.449637,0.06444444444444444,0.04337333333333333,0.07209777777777777,0.11118814814814815,0.009978518518518498,0.18107111111111113,-0.07779259259259258,raw/sweep/SUB_16MiB_16core_diagnostic.json,v1-latched64,740e60f3966a30d58dd8e532f11666614786d21e218e6a6a07c1623565eaf1ac,16777216,8388608.0,50331648,194.42076637824476,141.6914813355104,520.6722206896552,232.70087535445694,193.40473409160774,32.403461063040794,380,13.171528063910635,0.8232205039944147,1.7780982465778512,,
SUB,pipeline,16,16,5687,5701,0.12779333333333334,0.13067844444444443,0.001374582158140461,0.12814464197530864,0.01072680165906055,0.208431,0.3420539999999999,0.06376078195568181,0.2286642,0.27884024677094976,0.149826,0.387911,0.11588518518518519,0.043722962962962963,0.040825925925925925,,,0.20055037037037038,0.07239703703703704,raw/sweep/SUB_16MiB_16core_pipeline.json,v1-latched64,740e60f3966a30d58dd8e532f11666614786d21e218e6a6a07c1623565eaf1ac,16777216,8388608.0,50331648,393.85190672439876,241.4787051830102,289.54893540861,410.94514379025674,191.858177752177,65.64198445406646,381,12.420603868514556,0.7762877417821598,1.5719303736936372,2.02577077573165,0.5063607334157396
SUB,diagnostic,32,1,5702,5716,6.819861481481482,6.820158592592592,0.00019578202908665857,6.819849135802469,2.8707677426301535e-05,6.833469,6.9164356,0.03664996345830699,6.848289266666667,0.005351696172750305,6.831774,6.966907,1.784074814814815,1.3876925925925927,1.1633377777777778,3.5574577777777776,0.3149518518518517,4.335119259259259,-2.4847229629629632,raw/sweep/SUB_32MiB_1core_diagnostic.json,v1-latched64,740e60f3966a30d58dd8e532f11666614786d21e218e6a6a07c1623565eaf1ac,33554432,16777216.0,100663296,14.76031386756742,14.73092158609339,37.61549876873624,28.843241095545,12.090009047793165,2.4600523112612365,382,1.0,1.0,,,
SUB,pipeline,32,1,5717,5731,3.172665925925926,3.1727937777777777,5.902878461636228e-05,3.172690222222222,1.860527832276585e-05,3.201957,3.2874841,0.044023784835126596,3.2239782666666668,0.01365511216074159,3.184343,3.308643,1.766842962962963,1.32554,1.1742962962962964,,,4.266619259259259,1.0939296296296295,raw/sweep/SUB_32MiB_1core_pipeline.json,v1-latched64,740e60f3966a30d58dd8e532f11666614786d21e218e6a6a07c1623565eaf1ac,33554432,16777216.0,100663296,31.728299906212765,31.438053665305308,37.98235916080492,28.574076326247393,12.656891530998688,5.2880499843687945,383,1.0,1.0,,2.1495681047764714,0.5347902689019534
SUB,diagnostic,32,2,5732,5746,3.4903333333333335,3.491544962962963,0.003349439038811424,3.489191160493827,0.0009599471295053311,3.528814,3.5794947,0.02624747287391048,3.5291095333333335,0.0074374208638174726,3.497254,3.590624,0.8936622222222222,0.6938674074074074,0.6605940740740741,1.7787266666666666,0.15733703703703683,2.2481555555555555,-1.2421925925925925,raw/sweep/SUB_32MiB_2core_diagnostic.json,v1-latched64,740e60f3966a30d58dd8e532f11666614786d21e218e6a6a07c1623565eaf1ac,33554432,16777216.0,100663296,28.840596695635565,28.52609857022784,75.09421605975909,50.79432788892601,24.17928241173199,4.8067661159392605,384,1.9539284160485573,0.9769642080242786,1.9539284160485573,,
SUB,pipeline,32,2,5747,5761,1.587525925925926,1.5876424444444444,6.407659209454517e-05,1.5875388641975308,4.0362219495605615e-05,1.629224,1.7052953,0.03590913106280511,1.6377566000000001,0.02192580451991774,1.605954,1.708201,0.8800103703703703,0.6625318518518518,0.5870911111111111,,,2.129702222222222,0.5421785185185182,raw/sweep/SUB_32MiB_2core_pipeline.json,v1-latched64,740e60f3966a30d58dd8e532f11666614786d21e218e6a6a07c1623565eaf1ac,33554432,16777216.0,100663296,63.40891468672427,61.78603801564426,76.25917405013746,57.15370470606493,25.322882142354022,10.568152447787378,385,1.99849707907949,0.999248539539745,1.99849707907949,2.1985992646372647,0.5451649529388045
SUB,diagnostic,32,4,5762,5776,1.7540592592592592,1.7594026666666667,0.005173579453165928,1.7529244444444445,0.002951399000431872,1.799248,1.8740654,0.040484533010944894,1.8179096,0.02226982739457721,1.773585,1.87419,0.44635851851851854,0.3469377777777778,0.33965407407407405,0.8893807407407407,0.07875925925925936,1.1328422222222223,-0.6211896296296295,raw/sweep/SUB_32MiB_4core_diagnostic.json,v1-latched64,740e60f3966a30d58dd8e532f11666614786d21e218e6a6a07c1623565eaf1ac,33554432,16777216.0,100663296,57.38876578349479,55.947426925026456,150.34744765874964,98.79001773045779,48.357996951102336,9.564794297249133,386,3.8880450848402437,0.9720112712100609,1.9898605562546983,,
SUB,pipeline,32,4,5777,5791,0.7951170370370371,0.7951936296296297,4.5121358916871054e-05,0.7951239012345679,5.674758216526042e-05,0.816841,0.8663143999999999,0.031262635823584926,0.8262389333333333,0.03783728236753581,0.804844,0.935137,0.4619214814814815,0.3315074074074074,0.2973251851851852,,,1.0910718518518518,0.29597407407407406,raw/sweep/SUB_32MiB_4core_pipeline.json,v1-latched64,740e60f3966a30d58dd8e532f11666614786d21e218e6a6a07c1623565eaf1ac,33554432,16777216.0,100663296,126.60186024326258,123.23487190285502,145.2819725654833,112.85432136904599,50.608872155250424,21.10031004054376,387,3.990187328583353,0.9975468321458383,1.9965940257572143,2.2060390829954684,0.5466988741458965
SUB,diagnostic,32,8,5792,5806,0.9129992592592593,0.923962962962963,0.006744176413042185,0.9146102716049382,0.007373825357556559,0.948456,1.0696560999999998,0.06076183699666693,0.9765117333333333,0.06222335576988486,0.926012,1.158575,0.23190666666666668,0.17347555555555555,0.19892888888888888,0.44470666666666664,0.039422222222222275,0.6023511111111111,-0.3106481481481481,raw/sweep/SUB_32MiB_8core_diagnostic.json,v1-latched64,740e60f3966a30d58dd8e532f11666614786d21e218e6a6a07c1623565eaf1ac,33554432,16777216.0,100663296,110.25561628787172,106.13385966244086,289.37876157074686,168.67551107039927,96.71227710596435,18.37593604797862,388,7.469733860479381,0.9337167325599226,1.9212055666752397,,
SUB,pipeline,32,8,5807,5821,0.39929925925925924,0.3995022962962963,0.00014569225420341784,0.39930543209876546,0.0003648641929002906,0.433883,0.5268579,0.047209990036613476,0.4605716,0.10250304195181265,0.412888,0.565563,0.318217037037037,0.16614074074074073,0.1846925925925926,,,0.6660548148148149,0.2667318518518519,raw/sweep/SUB_32MiB_8core_pipeline.json,v1-latched64,740e60f3966a30d58dd8e532f11666614786d21e218e6a6a07c1623565eaf1ac,33554432,16777216.0,100663296,252.09988164451056,232.00562363586496,210.89022958940208,181.67719413640282,100.98195015381873,42.01664694075176,389,7.945584301387245,0.9931980376734056,1.9912810219384331,2.2865037640013806,0.5626510589031349
SUB,diagnostic,32,16,5822,5836,0.5164792592592593,0.520665037037037,0.003370241984491959,0.515999012345679,0.006531489215785863,0.585868,0.6934895999999999,0.05115913758301731,0.5995196666666667,0.08533354354739095,0.541043,0.703683,0.13112518518518518,0.08673925925925927,0.14289333333333334,0.22236,0.019779999999999992,0.3610644444444444,-0.15539407407407407,raw/sweep/SUB_32MiB_16core_diagnostic.json,v1-latched64,740e60f3966a30d58dd8e532f11666614786d21e218e6a6a07c1623565eaf1ac,33554432,16777216.0,100663296,194.9028817621302,171.81907187284506,511.79232963693164,234.82153587757767,193.42125057644026,32.483813627021696,390,13.204521496686253,0.8252825935428908,1.7677365409962322,,
SUB,pipeline,32,16,5837,5851,0.2522051851851852,0.2549054814814815,0.0013317281774439646,0.2527353580246914,0.00526925946512739,0.329044,0.37163609999999997,0.03630139885432726,0.3223127333333333,0.112627876903593,0.266855,0.390835,0.23124814814814815,0.08743925925925926,0.08169037037037037,,,0.40039777777777774,0.14832444444444448,raw/sweep/SUB_32MiB_16core_pipeline.json,v1-latched64,740e60f3966a30d58dd8e532f11666614786d21e218e6a6a07c1623565eaf1ac,33554432,16777216.0,100663296,399.1325393492071,305.9265508564204,290.2028169194548,410.751375564462,191.87280567250917,66.52208989153452,391,12.57970141889173,0.7862313386807331,1.5832317601482624,2.0478534526561267,0.5116838078901738
SUB,diagnostic,64,1,5852,5866,13.639997037037038,13.640233777777777,0.00025019693856463985,13.639913530864197,1.8343000342230754e-05,13.779972,13.8397437,0.038812514056434655,13.783971666666666,0.002815771462320523,13.695449,13.866791,3.568714074074074,2.7753377777777777,2.3267096296296295,7.114843703703704,0.6297400000000009,8.670736296296296,-4.9692474074074084,raw/sweep/SUB_64MiB_1core_diagnostic.json,v1-latched64,740e60f3966a30d58dd8e532f11666614786d21e218e6a6a07c1623565eaf1ac,67108864,33554432.0,201326592,14.760017282506197,14.610087161280154,37.60954932620194,28.842818693573953,12.090215565352606,2.4600028804176994,392,1.0,1.0,,,
SUB,pipeline,64,1,5867,5881,6.343512592592592,6.343736666666667,0.00011876854139437758,6.343553679012346,1.872271401869325e-05,6.393223,6.4599859,0.030205997355933625,6.401564133333333,0.004718533896840799,6.358593,6.467359,3.535600740740741,2.651522962962963,2.350591111111111,,,8.537787407407407,2.194244444444445,raw/sweep/SUB_64MiB_1core_pipeline.json,v1-latched64,740e60f3966a30d58dd8e532f11666614786d21e218e6a6a07c1623565eaf1ac,67108864,33554432.0,201326592,31.737399281762578,31.49062562028573,37.9617886299798,28.549782087909804,12.654777072910719,5.28956654696043,393,1.0,1.0,,2.1502277859375027,0.5349329933600507
SUB,diagnostic,64,2,5882,5896,6.9620792592592595,6.96426762962963,0.026061196734722986,6.955156888888889,0.0037470321879232767,7.006516,7.0241125,0.023456719731292014,7.003534533333333,0.0033492688041516353,6.928775,7.038039,1.783322962962963,1.387742962962963,1.3063859259259258,3.557462222222222,0.31447925925925957,4.477866666666666,-2.4841970370370374,raw/sweep/SUB_64MiB_2core_diagnostic.json,v1-latched64,740e60f3966a30d58dd8e532f11666614786d21e218e6a6a07c1623565eaf1ac,67108864,33554432.0,201326592,28.917595520367637,28.734194284291934,75.2627150479795,51.36986143848367,24.179140442808013,4.819599253394607,394,1.9591843943598373,0.9795921971799186,1.9591843943598373,,
SUB,pipeline,64,2,5897,5911,3.173242962962963,3.173503259259259,0.00017513688085719336,3.17323787654321,5.519185376924217e-05,3.205621,3.3158278,0.04646867776019623,3.2221372666666666,0.014421694023069523,3.186147,3.346534,1.7694948148148149,1.3250725925925926,1.1777948148148147,,,4.271685925925926,1.098460740740741,raw/sweep/SUB_64MiB_2core_pipeline.json,v1-latched64,740e60f3966a30d58dd8e532f11666614786d21e218e6a6a07c1623565eaf1ac,67108864,33554432.0,201326592,63.445060573620445,62.804240426425956,75.85087386314069,56.97839993509528,25.32271227069041,10.574176762270074,395,1.999062998526102,0.999531499263051,1.999062998526102,2.1939950203997407,0.5442104513902669
SUB,diagnostic,64,4,5912,5926,3.499171111111111,3.511093037037037,0.009100067499223843,3.4985257283950615,0.0026011149283153828,3.612083,3.6328845,0.040821471579946526,3.5927523333333333,0.011362172449575063,3.516234,3.641561,0.8958637037037037,0.6938777777777778,0.6668622222222222,1.778737037037037,0.15734814814814813,2.2569044444444444,-1.242197037037037,raw/sweep/SUB_64MiB_4core_diagnostic.json,v1-latched64,740e60f3966a30d58dd8e532f11666614786d21e218e6a6a07c1623565eaf1ac,67108864,33554432.0,201326592,57.53550929839257,55.73697835847072,149.8193614107966,100.6337767588174,48.357842079136574,9.589251549732095,396,3.898065171413082,0.9745162928532705,1.9896366991463166,,
SUB,pipeline,64,4,5927,5941,1.5884607407407407,1.588602,8.272983117174366e-05,1.5884682962962964,5.2081512337789894e-05,1.63035,1.741156,0.056231416326852454,1.6600835333333332,0.03387264266994062,1.601797,1.792515,0.9533637037037037,0.6633259259259259,0.5912422222222222,,,2.2093688888888887,0.620908148148148,raw/sweep/SUB_64MiB_4core_pipeline.json,v1-latched64,740e60f3966a30d58dd8e532f11666614786d21e218e6a6a07c1623565eaf1ac,67108864,33554432.0,201326592,126.74319662827558,123.48673107001564,140.78334163402718,113.5048571933293,50.58513573574245,21.123866104712597,397,3.993496615871316,0.998374153967829,1.9976842244670125,2.2028691181120132,0.5460465663720149
SUB,diagnostic,64,8,5942,5956,1.832451111111111,1.836766962962963,0.006276815747485792,1.8305957037037037,0.003428837801152047,1.913487,2.0032191,0.05545373692779547,1.9186016,0.028903205818131012,1.857837,2.033926,0.46118740740740743,0.34694444444444444,0.4017822222222222,0.8893866666666667,0.07868666666666674,1.2113155555555555,-0.6211274074074074,raw/sweep/SUB_64MiB_8core_diagnostic.json,v1-latched64,740e60f3966a30d58dd8e532f11666614786d21e218e6a6a07c1623565eaf1ac,67108864,33554432.0,201326592,109.86737423948252,105.21450733660589,291.0264370714564,167.02795765533565,96.71413546837469,18.311229039913755,398,7.44358032491595,0.9304475406144938,1.909557690185459,,
SUB,pipeline,64,8,5957,5971,0.7958525925925926,0.796134,0.00014980025893800608,0.7958856296296296,0.00018821832353942182,0.828665,0.8805154,0.02806263021172464,0.8361754,0.03356069816419455,0.817512,0.929528,0.6066674074074074,0.33183111111111113,0.34706592592592594,,,1.2875733333333335,0.49189407407407415,raw/sweep/SUB_64MiB_8core_pipeline.json,v1-latched64,740e60f3966a30d58dd8e532f11666614786d21e218e6a6a07c1623565eaf1ac,67108864,33554432.0,201326592,252.9697005121924,242.9529327291487,221.2377430552588,193.36056635626915,101.11900565213897,42.16161675203207,399,7.970712983327454,0.9963391229159317,1.995923309825661,2.302500649198949,0.5656895904251298
SUB,diagnostic,64,16,5972,5986,1.0273162962962963,1.0362862222222222,0.006148372632267294,1.0278599506172839,0.005981722148600958,1.110893,1.1920669,0.049852374559961214,1.1180651333333333,0.04458807727179032,1.044617,1.25481,0.2652688888888889,0.17347333333333334,0.2787118518518519,0.4446977777777778,0.03938814814814806,0.7167281481481481,-0.3106133333333333,raw/sweep/SUB_64MiB_16core_diagnostic.json,v1-latched64,740e60f3966a30d58dd8e532f11666614786d21e218e6a6a07c1623565eaf1ac,67108864,33554432.0,201326592,195.97332654590133,181.22950815245036,505.9685987383871,240.78223998766813,193.4270320126052,32.66222109098356,400,13.27731010031892,0.8298318812699325,1.7837263145902629,,
SUB,pipeline,64,16,5987,6001,0.504,0.5080525925925926,0.0018490290415156107,0.5043959506172839,0.0036658284810826766,0.611,0.6500269999999999,0.04788888175389037,0.5882142666666667,0.08141400926106468,0.523001,0.67774,0.4630022222222222,0.17480814814814816,0.16024148148148148,,,0.797405925925926,0.29322666666666675,raw/sweep/SUB_64MiB_16core_pipeline.json,v1-latched64,740e60f3966a30d58dd8e532f11666614786d21e218e6a6a07c1623565eaf1ac,67108864,33554432.0,201326592,399.4575238095238,329.5034238952537,289.8857101717774,418.79832475060783,191.9500455525846,66.57625396825397,401,12.586334509112286,0.7866459068195178,1.579072604350382,2.0383259847148736,0.5094013384027567
SUB,diagnostic,128,1,6002,6016,27.279442962962964,27.28038348148148,0.00047737965174036263,27.279641975308643,1.7499483760543803e-05,27.37908,27.431262699999998,0.03802009156485542,27.3846512,0.0013883723143735137,27.328103,27.441405,7.136743703703703,5.550762962962963,4.653374814814815,14.229851851851851,1.2595688888888867,17.34082740740741,-9.938633333333335,raw/sweep/SUB_128MiB_1core_diagnostic.json,v1-latched64,740e60f3966a30d58dd8e532f11666614786d21e218e6a6a07c1623565eaf1ac,134217728,67108864.0,402653184,14.760315470762299,14.706600221775167,37.613156243889215,28.84309417171703,12.090025181723433,2.4600525784603833,402,1.0,1.0,,,
SUB,pipeline,128,1,6017,6031,12.684992592592593,12.68507311111111,4.728611025598202e-05,12.684996098765433,3.7277197318637047e-06,12.708484,12.7733647,0.02924772515565864,12.721235733333334,0.0022991261044727836,12.699595,12.810226,7.0670340740740745,5.302002962962963,4.697000740740741,,,17.06592148148148,4.380850370370371,raw/sweep/SUB_128MiB_1core_pipeline.json,v1-latched64,740e60f3966a30d58dd8e532f11666614786d21e218e6a6a07c1623565eaf1ac,134217728,67108864.0,402653184,31.742484755972935,31.683809335558827,37.98417457540991,28.575198389011366,12.657266408334294,5.29041412599549,403,1.0,1.0,,2.1505288839421794,0.534998107922699
SUB,diagnostic,128,2,6032,6046,13.975042222222223,13.977749185185184,0.010899386222509824,13.97270962962963,0.0007800481446631715,14.058898,14.1506116,0.052270404640357086,14.066644866666667,0.0037159113019353176,14.013512,14.216385,3.5461103703703705,2.775500740740741,2.6844703703703705,7.114934074074074,0.6300911111111098,9.005553333333333,-4.969534074074074,raw/sweep/SUB_128MiB_2core_diagnostic.json,v1-latched64,740e60f3966a30d58dd8e532f11666614786d21e218e6a6a07c1623565eaf1ac,134217728,67108864.0,402653184,28.81230536532666,28.640451335517195,75.69856207604828,49.99784295681471,24.17901138159654,4.80205089422111,404,1.952011487992854,0.976005743996427,1.952011487992854,,
SUB,pipeline,128,2,6047,6061,6.344810370370371,6.344984962962963,0.00013788857883719624,6.344798024691358,2.1732540311069054e-05,6.41677,6.4576032,0.03154874161825216,6.410602466666667,0.004921338014998865,6.366752,6.461078,3.5440214814814817,2.650428888888889,2.351471851851852,,,8.54313037037037,2.1982222222222223,raw/sweep/SUB_128MiB_2core_pipeline.json,v1-latched64,740e60f3966a30d58dd8e532f11666614786d21e218e6a6a07c1623565eaf1ac,134217728,67108864.0,402653184,63.46181532553756,62.750135036786425,75.74317971904274,57.07817760790956,25.320001710415003,10.576969220922926,405,1.9992705616278523,0.9996352808139262,1.9992705616278523,2.202594152771574,0.5459898961678086
SUB,diagnostic,128,4,6062,6076,6.9848185185185185,7.010337851851852,0.024937649461532506,6.984159111111111,0.003570601566315858,7.059718,7.1231733,0.052661891226506254,7.056447133333333,0.007462947037148674,6.934115,7.138063,1.78722,1.3877525925925926,1.3284725925925926,3.5574674074074073,0.31460666666666737,4.500587407407408,-2.4843044444444446,raw/sweep/SUB_128MiB_4core_diagnostic.json,v1-latched64,740e60f3966a30d58dd8e532f11666614786d21e218e6a6a07c1623565eaf1ac,134217728,67108864.0,402653184,57.64690706458081,57.03530707600502,150.19720907330938,101.0316123557101,48.357945327003534,9.6078178440968,406,3.9055335354294844,0.9763833838573711,2.000773847619785,,
SUB,pipeline,128,4,6077,6091,3.174917777777778,3.175037333333333,0.0001018226477290678,3.174915950617284,3.2070974259734624e-05,3.201782,3.2929217,0.04234108576312136,3.2179032,0.013157973727463697,3.189754,3.351889,1.8711066666666667,1.3264792592592594,1.1812866666666666,,,4.381377777777778,1.2064748148148148,raw/sweep/SUB_128MiB_4core_pipeline.json,v1-latched64,740e60f3966a30d58dd8e532f11666614786d21e218e6a6a07c1623565eaf1ac,134217728,67108864.0,402653184,126.82318478238805,125.75908790792127,143.4634704595498,113.61994661188649,50.59171753463778,21.137197463731344,407,3.9953767248332355,0.9988441812083089,1.9984172235198159,2.19999981335183,0.5454545068908707
SUB,diagnostic,128,8,6092,6106,3.665436296296296,3.676473777777778,0.00871505647286543,3.6643931358024693,0.002378308262756013,3.680789,3.6934624,0.010500515204140293,3.6800144666666665,0.002853389653560681,3.658506,3.704059,0.933197037037037,0.6938851851851852,0.7938177777777777,1.7787474074074074,0.15718814814814785,2.423411851851852,-1.2420414814814817,raw/sweep/SUB_128MiB_8core_diagnostic.json,v1-latched64,740e60f3966a30d58dd8e532f11666614786d21e218e6a6a07c1623565eaf1ac,134217728,67108864.0,402653184,109.85136596340712,109.39317195307854,287.6514233824622,169.07876310824204,96.71465169282996,18.308560993901185,408,7.442345401153802,0.9302931751442253,1.9055899363402549,,
SUB,pipeline,128,8,6107,6121,1.5891185185185186,1.5894708888888889,0.00023485456909817375,1.589133185185185,0.0001477878451520762,1.687095,1.7191570999999999,0.03866540423575429,1.670225,0.02314981768070427,1.619825,1.743011,1.1913977777777778,0.6635540740740741,0.6588911111111111,,,2.497197777777778,0.9079622222222226,raw/sweep/SUB_128MiB_8core_pipeline.json,v1-latched64,740e60f3966a30d58dd8e532f11666614786d21e218e6a6a07c1623565eaf1ac,134217728,67108864.0,402653184,253.38146859894374,238.66657420003023,225.31136200429373,203.70244147574545,101.13548634848482,42.23024476649062,409,7.982408136819387,0.9978010171024234,1.9979112575804896,2.306584596165589,0.5664585631663472
SUB,diagnostic,128,16,6122,6136,2.058914074074074,2.073530074074074,0.008662134268201156,2.058872148148148,0.00420722300604839,2.161678,2.2269474,0.058045296422789695,2.1456223333333333,0.027052895339979698,2.065554,2.247099,0.5201548148148148,0.34694592592592594,0.5690837037037038,0.8893792592592593,0.07863407407407408,1.4378629629629631,-0.6210659259259259,raw/sweep/SUB_128MiB_16core_diagnostic.json,v1-latched64,740e60f3966a30d58dd8e532f11666614786d21e218e6a6a07c1623565eaf1ac,134217728,67108864.0,402653184,195.565802900774,186.26880784279618,516.0683864775302,235.84883405812852,193.42744498555652,32.594300483462334,410,13.249432458822234,0.8280895286763896,1.7802764779995495,,
SUB,pipeline,128,16,6137,6151,0.9981888888888889,1.0063395555555557,0.004183977564843423,0.9995211358024692,0.0041859820817939,1.118302,1.1789014,0.05061900664318548,1.1210126,0.045154716943578935,1.033176,1.180965,0.9228733333333333,0.3498896296296296,0.3200748148148148,,,1.5921059259259258,0.5943355555555554,raw/sweep/SUB_128MiB_16core_pipeline.json,v1-latched64,740e60f3966a30d58dd8e532f11666614786d21e218e6a6a07c1623565eaf1ac,134217728,67108864.0,402653184,403.38375680398946,360.05764453609135,290.8692301579849,419.3323616469298,191.80009442130958,67.23062613399824,411,12.70800820745721,0.7942505129660756,1.5920018106867624,2.06264976197632,0.5151867183491909
SUB,diagnostic,256,1,6152,6166,54.55923037037037,54.55969696296296,0.000322101077999512,54.559268296296295,5.903691307776896e-06,54.658932,54.7934621,0.07434069429118427,54.67133713333333,0.001359774576390568,54.582359,54.871909,14.27442,11.10114148148148,9.306792592592593,28.45924888888889,2.51879111111111,34.68245185185185,-19.87688222222222,raw/sweep/SUB_256MiB_1core_diagnostic.json,v1-latched64,740e60f3966a30d58dd8e532f11666614786d21e218e6a6a07c1623565eaf1ac,268435456,134217728.0,805306368,14.760222285638031,14.73329863086238,37.610698858517544,28.842961023290833,12.090443872271795,2.4600370476063382,412,1.0,1.0,,,
SUB,pipeline,256,1,6167,6181,25.368085185185187,25.368227185185184,9.47439660337938e-05,25.36808098765432,3.734770717576236e-06,25.453032,25.5752993,0.0601211430202949,25.475360733333332,0.002359972196257428,25.422378,25.645216,14.135836296296297,10.604028148148148,9.39409925925926,,,34.134210370370376,8.765981481481482,raw/sweep/SUB_256MiB_1core_pipeline.json,v1-latched64,740e60f3966a30d58dd8e532f11666614786d21e218e6a6a07c1623565eaf1ac,268435456,134217728.0,805306368,31.744862181016885,31.638917045324895,37.97942341343218,28.574900966201476,12.657239883264488,5.290810363502814,413,1.0,1.0,,2.1507035305223843,0.535035868120275
SUB,diagnostic,256,2,6182,6196,27.913315555555556,27.92387911111111,0.1333482055550041,27.865891012345678,0.00478535588529811,27.936177,28.006676,0.14471585422386526,27.9018592,0.005186602555282956,27.454582,28.140159,7.148012592592592,5.550891851851852,5.278602962962963,14.229662962962964,1.258094074074073,17.976405185185186,-9.936879259259257,raw/sweep/SUB_256MiB_2core_diagnostic.json,v1-latched64,740e60f3966a30d58dd8e532f11666614786d21e218e6a6a07c1623565eaf1ac,268435456,134217728.0,805306368,28.850258450924894,28.826648972047966,75.10771771112344,50.8535038311203,24.179488914961144,4.808376408487482,414,1.95459512008818,0.97729756004409,1.95459512008818,,
SUB,pipeline,256,2,6197,6211,12.686932592592592,12.687170592592592,0.0003375069538383855,12.686871950617284,2.660285018656344e-05,12.758438,12.8171878,0.0336529605169049,12.759230866666666,0.002637538333507457,12.712872,12.837485,7.019937777777778,5.299694074074074,4.696789629629629,,,17.016218518518517,4.329169629629629,raw/sweep/SUB_256MiB_2core_pipeline.json,v1-latched64,740e60f3966a30d58dd8e532f11666614786d21e218e6a6a07c1623565eaf1ac,268435456,134217728.0,805306368,63.47526181940835,63.11951102478219,76.47801575955722,57.1529655717554,25.32556146147919,10.579210303234726,415,1.9995444131228874,0.9997722065614437,1.9995444131228874,2.2001626754013857,0.5454881535895679
SUB,diagnostic,256,4,6212,6226,13.993631851851852,14.024705259259258,0.02222920923115911,13.994976197530864,0.001588370635105547,14.05638,14.1497949,0.04863170761844293,14.0685642,0.003456764096683223,14.006776,14.19557,3.5843540740740742,2.775497777777778,2.6539814814814813,7.114940740740741,0.6291437037037038,9.024965185185184,-4.96856074074074,raw/sweep/SUB_256MiB_4core_diagnostic.json,v1-latched64,740e60f3966a30d58dd8e532f11666614786d21e218e6a6a07c1623565eaf1ac,268435456,134217728.0,805306368,57.54806018377777,57.29116372778767,149.78177403935376,101.14443445556991,48.35807438745722,9.591343363962963,416,3.8988613497896374,0.9747153374474093,1.9947155857084835,,
SUB,pipeline,256,4,6227,6241,6.347596296296296,6.348028518518518,0.00021327506307856106,6.347615654320988,3.359924020185109e-05,6.38114,6.4659135,0.03641817622875385,6.3940134,0.005695667798999897,6.359665,6.480981,3.7538,2.652334074074074,2.3737555555555554,,,8.784777777777778,2.4371592592592597,raw/sweep/SUB_256MiB_4core_pipeline.json,v1-latched64,740e60f3966a30d58dd8e532f11666614786d21e218e6a6a07c1623565eaf1ac,268435456,134217728.0,805306368,126.86792455120077,126.20101862676574,143.02064894240502,113.08470890010204,50.60362844633559,21.144654091866794,417,3.996486859126027,0.9991217147815068,1.9986987200170843,2.2045560553397,0.5463939337909418
SUB,diagnostic,256,8,6242,6256,7.333242962962963,7.349643703703704,0.016127697730118504,7.331530962962963,0.002199772163766551,7.353039,7.3674457,0.016347260304318427,7.3485918,0.0022245432525342373,7.319308,7.386408,1.8746177777777777,1.387742962962963,1.5868918518518518,3.5574607407407406,0.31420222222222227,4.849263703703704,-2.4839081481481484,raw/sweep/SUB_256MiB_8core_diagnostic.json,v1-latched64,740e60f3966a30d58dd8e532f11666614786d21e218e6a6a07c1623565eaf1ac,268435456,134217728.0,805306368,109.8158580136038,109.5202089911396,286.38953410354463,169.1580025990709,96.71656177123205,18.302643002267303,418,7.43998673519007,0.9299983418987587,1.9082460410118185,,
SUB,pipeline,256,8,6257,6271,3.175451851851852,3.1758952592592595,0.0002618804257127046,3.17549012345679,8.246929309533659e-05,3.218126,3.4958166999999993,0.18895663771370058,3.2781517333333334,0.05764121159869656,3.191007,3.949171,2.2600777777777776,1.3268896296296295,1.2925022222222222,,,4.879862222222222,1.7044103703703701,raw/sweep/SUB_256MiB_8core_pipeline.json,v1-latched64,740e60f3966a30d58dd8e532f11666614786d21e218e6a6a07c1623565eaf1ac,268435456,134217728.0,805306368,253.6037091950752,250.24078236837218,237.54532577541582,207.68664949641177,101.15214182317769,42.26728486584586,419,7.9888111578171435,0.9986013947271429,1.9989584451090074,2.309354165986293,0.5669785021593196
SUB,diagnostic,256,16,6272,6286,4.104492592592592,4.13318962962963,0.02345770925034875,4.10284049382716,0.005717431444298538,4.244072,4.2942304,0.04141376890025601,4.239578666666667,0.009768369018805645,4.161392,4.303301,1.0555237037037037,0.6938844444444444,1.1217362962962962,1.77874,0.1570822222222219,2.8625614814814817,-1.241933333333333,raw/sweep/SUB_256MiB_16core_diagnostic.json,v1-latched64,740e60f3966a30d58dd8e532f11666614786d21e218e6a6a07c1623565eaf1ac,268435456,134217728.0,805306368,196.2011990113814,189.74851699028667,508.6298963407317,239.30353050561828,193.42950987676463,32.70019983523023,420,13.292563974614989,0.8307852484134368,1.786638128229862,,
SUB,pipeline,256,16,6287,6301,1.9942822222222223,2.0100523703703703,0.00733395243854861,1.9962543209876544,0.003673856763360747,2.020864,2.0673193,0.021773372075170428,2.0276793333333334,0.010738074663599221,2.005497,2.078387,1.8464666666666667,0.700042962962963,0.6381125925925926,,,3.183194814814815,1.187837037037037,raw/sweep/SUB_256MiB_16core_pipeline.json,v1-latched64,740e60f3966a30d58dd8e532f11666614786d21e218e6a6a07c1623565eaf1ac,268435456,134217728.0,805306368,403.8076251327406,398.49607296681023,290.755810376575,420.67098991005884,191.72784400534147,67.30127085545676,421,12.72040882805324,0.7950255517533275,1.5922780720140282,2.058130262034312,0.5141221046856514
SUB,diagnostic,512,1,6302,6316,109.11855925925926,109.11945074074075,0.0006124256376674246,109.11850637037037,5.612481860672906e-06,109.139396,109.17581609999999,0.01527031247598721,109.1468124,0.00013990616986618665,109.136302,109.190668,28.54882074074074,22.202696296296295,18.61361925925926,56.918677037037035,5.037336296296296,69.3651362962963,-39.75336296296297,raw/sweep/SUB_512MiB_1core_diagnostic.json,v1-latched64,740e60f3966a30d58dd8e532f11666614786d21e218e6a6a07c1623565eaf1ac,536870912,268435456.0,1610612736,14.760208959259433,14.75739096082225,37.61072423099113,28.84290822339326,12.090218792245453,2.460034826543239,422,1.0,1.0,,,
SUB,pipeline,512,1,6317,6331,50.73511555555555,50.73533888888889,0.00011695813651023198,50.735146716049385,2.3052685185836634e-06,50.81296,50.9552428,0.057934427131600186,50.837815066666664,0.0011395931759779075,50.786752,50.9726,28.28614222222222,21.211765925925928,18.805016296296298,,,68.30277925925927,17.567713333333323,raw/sweep/SUB_512MiB_1core_pipeline.json,v1-latched64,740e60f3966a30d58dd8e532f11666614786d21e218e6a6a07c1623565eaf1ac,536870912,268435456.0,1610612736,31.745522176575314,31.69688866777295,37.959995235986774,28.54934574588687,12.655026315932833,5.290920362762552,423,1.0,1.0,,2.1507501868163312,0.5350459546023522
SUB,diagnostic,512,2,6332,6346,55.68705555555555,55.696775629629634,0.02715729040412865,55.67964627160494,0.0004877417911682767,55.754855,55.858937999999995,0.05361410826274655,55.777012666666664,0.0009612222974929471,55.690782,55.873505,14.263786666666666,11.101966666666666,10.453185185185186,28.459588888888888,2.515248888888884,35.814198518518516,-19.87295185185185,raw/sweep/SUB_512MiB_2core_diagnostic.json,v1-latched64,740e60f3966a30d58dd8e532f11666614786d21e218e6a6a07c1623565eaf1ac,536870912,268435456.0,1610612736,28.922569525932122,28.887398882124256,75.27747358345236,51.35955237460848,24.179090431425063,4.82042825432202,424,1.959495939777214,0.979747969888607,1.959495939777214,,
SUB,pipeline,512,2,6347,6361,25.371407407407407,25.371656296296294,0.00020731979757142825,25.37137165432099,8.171406749154601e-06,25.494424,25.5673096,0.05138928189455575,25.492339066666666,0.0020158715824453895,25.422855,25.568529,14.15874962962963,10.600691851851852,9.41019111111111,,,34.17004740740741,8.79829777777778,raw/sweep/SUB_512MiB_2core_pipeline.json,v1-latched64,740e60f3966a30d58dd8e532f11666614786d21e218e6a6a07c1623565eaf1ac,536870912,268435456.0,1610612736,63.48141079196763,63.17509805281343,75.83592139753708,57.05207318968135,25.322446850778572,10.580235131994606,425,1.9996965379517333,0.9998482689758666,1.9996965379517333,2.194874516078175,0.5443930882268337
SUB,diagnostic,512,4,6362,6376,27.93839925925926,28.01998985185185,0.08029828893516676,27.93299560493827,0.0028746751716443486,28.04352,28.1797201,0.1028307625167731,28.026918733333332,0.0036689999173713343,27.841033,28.20965,7.22104,5.5509755555555556,5.208157037037037,14.229825925925926,1.2578422222222239,18.002495555555555,-9.93662740740741,raw/sweep/SUB_512MiB_4core_diagnostic.json,v1-latched64,740e60f3966a30d58dd8e532f11666614786d21e218e6a6a07c1623565eaf1ac,536870912,268435456.0,1610612736,57.648712120334366,57.43261673284951,148.6962852996244,103.08270433900553,48.35824862016246,9.608118686722394,426,3.9056840102639563,0.9764210025659891,1.9932085241819972,,
SUB,pipeline,512,4,6377,6391,12.693402962962963,12.693933333333334,0.0005724690859772747,12.693302518518518,4.5100089999595286e-05,12.763772,12.8399594,0.03853100228609991,12.7751912,0.0030160802827044896,12.742491,12.899276,7.466408148148148,5.305003703703703,4.732066666666666,,,17.512882962962962,4.818962962962962,raw/sweep/SUB_512MiB_4core_pipeline.json,v1-latched64,740e60f3966a30d58dd8e532f11666614786d21e218e6a6a07c1623565eaf1ac,536870912,268435456.0,1610612736,126.8858115274111,126.1862665675946,143.80968769652839,113.45379298685565,50.6004276326124,21.147635254568513,427,3.996967220184483,0.9992418050461207,1.9987868880737931,2.201017279667117,0.5456646300608596
SUB,diagnostic,512,8,6392,6406,14.659202222222222,14.676766814814815,0.02436948608292573,14.651356148148148,0.001663292178315241,14.734383,14.8394904,0.05306384111004762,14.740381266666667,0.003599896105132922,14.670952,14.868924,3.7079644444444444,2.7755170370370372,3.196268888888889,7.11492,0.6282933333333327,9.691462962962962,-4.9677266666666675,raw/sweep/SUB_512MiB_8core_diagnostic.json,v1-latched64,740e60f3966a30d58dd8e532f11666614786d21e218e6a6a07c1623565eaf1ac,536870912,268435456.0,1610612736,109.87042211331494,109.30981880951514,289.5771629117863,167.96800602925214,96.71547766342098,18.311737018885825,428,7.443690154832841,0.9304612693541051,1.9058608262396979,,
SUB,pipeline,512,8,6407,6421,6.348328148148148,6.348927851851852,0.00034622589896451565,6.348324148148148,5.4538156982030015e-05,6.363341,6.3728892,0.00438013706569632,6.364783,0.000688183252389959,6.360895,6.377505,4.314516296296296,2.6531666666666665,2.516342962962963,,,9.52149111111111,3.1725703703703703,raw/sweep/SUB_512MiB_8core_pipeline.json,v1-latched64,740e60f3966a30d58dd8e532f11666614786d21e218e6a6a07c1623565eaf1ac,536870912,268435456.0,1610612736,253.706597770915,253.10803491436337,248.8672542323529,213.35363259380236,101.17549695332623,42.284432961819164,429,7.9918861110472585,0.9989857638809073,1.9994875291167358,2.3091437430653947,0.5669390426632785
SUB,diagnostic,512,16,6422,6436,8.21291037037037,8.245121481481481,0.01933386562911337,8.214265481481482,0.0023536937870708334,8.335792,8.438763600000001,0.060883958219363224,8.3381362,0.0073018665993202685,8.262737,8.478483,2.113611111111111,1.3877503703703704,2.2332592592592593,3.55746,0.31397555555555545,5.729232592592593,-2.4836777777777765,raw/sweep/SUB_512MiB_16core_diagnostic.json,v1-latched64,740e60f3966a30d58dd8e532f11666614786d21e218e6a6a07c1623565eaf1ac,536870912,268435456.0,1610612736,196.10742883674837,193.2165217174325,508.0129539229859,240.39793399449403,193.4320910527723,32.6845714727914,430,13.286223072995552,0.830388942062222,1.7848973824319416,,
SUB,pipeline,512,16,6437,6451,3.9918962962962965,4.008952740740741,0.007523313942159069,3.9948030123456792,0.0018832753251934466,4.056677,4.1569263,0.05075485088493889,4.080869933333333,0.012437262572463649,4.023279,4.179824,3.6911348148148146,1.3998955555555554,1.2709733333333333,,,6.362101481481481,2.3686851851851847,raw/sweep/SUB_512MiB_16core_pipeline.json,v1-latched64,740e60f3966a30d58dd8e532f11666614786d21e218e6a6a07c1623565eaf1ac,536870912,268435456.0,1610612736,403.4705855195525,397.0276006692177,290.89748217551085,422.40926533994946,191.75391687951324,67.2450975865921,431,12.709527450056223,0.7943454656285139,1.5903038748872715,2.0573957239295906,0.5139486349811124
SUB,diagnostic,1024,1,6452,6466,218.23700296296298,218.23837970370369,0.000799467090125637,218.2371904691358,3.6632944568570296e-06,218.31218,218.4349317,0.05352125001191424,218.34350546666667,0.0002451240759257895,218.297815,218.479738,57.09818814814815,44.40479851851852,37.22719407407408,113.83693925925925,10.074807407407434,138.73015925925927,-79.50697703703705,raw/sweep/SUB_1024MiB_1core_diagnostic.json,v1-latched64,740e60f3966a30d58dd8e532f11666614786d21e218e6a6a07c1623565eaf1ac,1073741824,536870912.0,3221225472,14.76021677472667,14.755134010388241,37.61036414024372,28.842942658087143,12.090380542456556,2.4600361291211117,432,1.0,1.0,,,
SUB,pipeline,1024,1,6467,6481,101.46671555555555,101.46700844444445,0.00016065695684682688,101.4667535308642,1.5833457882138525e-06,101.557339,101.66759599999999,0.05262849708936691,101.5774692,0.0005181119150128119,101.530783,101.688036,56.539465925925924,42.415664444444445,37.575744444444446,,,136.53080296296298,35.06404740740743,raw/sweep/SUB_1024MiB_1core_pipeline.json,v1-latched64,740e60f3966a30d58dd8e532f11666614786d21e218e6a6a07c1623565eaf1ac,1073741824,536870912.0,3221225472,31.746622075652965,31.71829336725729,37.982029239778875,28.57539723763882,12.65737361495745,5.291103679275494,433,1.0,1.0,,2.150823565817234,0.5350618172997204
SUB,diagnostic,1024,2,6482,6496,111.78809037037037,111.80131651851852,0.1293668598053067,111.72469358024692,0.0011579074926026823,111.855057,111.9805018,0.15290106709942378,111.822218,0.001367358561063632,111.414348,112.008163,28.369638518518517,22.20391925925926,21.462747407407406,56.919305925925926,5.0399696296296455,72.03271851851852,-39.75530444444445,raw/sweep/SUB_1024MiB_2core_diagnostic.json,v1-latched64,740e60f3966a30d58dd8e532f11666614786d21e218e6a6a07c1623565eaf1ac,1073741824,536870912.0,3221225472,28.815462016817772,28.79821045551834,75.69654603100467,50.028162919599986,24.179105757472044,4.802577002802963,434,1.9522384024980812,0.9761192012490406,1.9522384024980812,,
SUB,pipeline,1024,2,6497,6511,50.74449777777778,50.74506,0.000590971159167869,50.74434241975309,1.1646050199634148e-05,50.877605,50.9691313,0.056487596548522694,50.8706756,0.0011104156939587156,50.809717,50.976328,28.377156296296295,21.20158,18.87337037037037,,,68.45071333333334,17.706590370370378,raw/sweep/SUB_1024MiB_2core_pipeline.json,v1-latched64,740e60f3966a30d58dd8e532f11666614786d21e218e6a6a07c1623565eaf1ac,1073741824,536870912.0,3221225472,63.47930540383929,63.31322930786541,75.67649223119243,56.891895985132884,25.322212401151237,10.579884233973214,435,1.999560937619334,0.999780468809667,1.999560937619334,2.202959833397445,0.5460652596385375
SUB,diagnostic,1024,4,6512,6526,55.84210296296296,55.93407614814815,0.05626970130616127,55.8469252345679,0.0010075702658618648,55.950505,56.098671599999996,0.09389945945531239,55.962208,0.0016779084101776756,55.810884,56.156738,14.37302074074074,11.101953333333332,10.48598962962963,28.459581481481482,2.515739999999999,35.96876074074074,-19.87334222222222,raw/sweep/SUB_1024MiB_4core_diagnostic.json,v1-latched64,740e60f3966a30d58dd8e532f11666614786d21e218e6a6a07c1623565eaf1ac,1073741824,536870912.0,3221225472,57.68453014988465,57.57276850316185,149.41073882353038,102.39775757225549,48.35823894053479,9.614088358314108,436,3.9081086023516654,0.9770271505879163,2.0018603247179523,,
SUB,pipeline,1024,4,6527,6541,25.38414074074074,25.386098,0.0021932085471152766,25.383848444444446,8.640173502120345e-05,25.547916,25.627477,0.06731082299034886,25.533894933333332,0.002636136130664408,25.452173,25.688895,14.775120740740741,10.608888148148148,9.456645925925926,,,34.85359925925926,9.469458518518522,raw/sweep/SUB_1024MiB_4core_pipeline.json,v1-latched64,740e60f3966a30d58dd8e532f11666614786d21e218e6a6a07c1623565eaf1ac,1073741824,536870912.0,3221225472,126.89913378986414,126.0856451853059,145.34457522763617,113.54362132310321,50.60576608055901,21.149855631644023,437,3.9972483840158,0.99931209600395,1.9990630486985315,2.199881553340829,0.5454300716866508
SUB,diagnostic,1024,8,6542,6556,29.291667407407406,29.329315703703703,0.029751076073264285,29.286907703703704,0.0010158490057829452,29.31964,29.347811,0.03183019792467179,29.311134933333335,0.0010859421853526973,29.240853,29.349071,7.470235555555556,5.551003703703704,6.327447407407408,14.22984,1.2563407407407396,19.356502222222222,-9.935168888888889,raw/sweep/SUB_1024MiB_8core_diagnostic.json,v1-latched64,740e60f3966a30d58dd8e532f11666614786d21e218e6a6a07c1623565eaf1ac,1073741824,536870912.0,3221225472,109.97071034561189,109.86579207657392,287.47201236551814,169.69589075414413,96.71600680824488,18.32845172426865,438,7.450480709328764,0.9313100886660955,1.906415984664682,,
SUB,pipeline,1024,8,6557,6571,12.693874814814814,12.694507925925926,0.0005115929686791696,12.693847061728395,4.030243677833559e-05,12.772886,12.9237605,0.06503484576909155,12.811852733333334,0.00507614684017454,12.74615,12.924415,8.27867111111111,5.305269629629629,4.873905185185185,,,18.45842222222222,5.76469185185185,raw/sweep/SUB_1024MiB_8core_pipeline.json,v1-latched64,740e60f3966a30d58dd8e532f11666614786d21e218e6a6a07c1623565eaf1ac,1073741824,536870912.0,3221225472,253.76218995326474,252.1924545478602,259.3995605306488,220.30420847409303,101.1957825859795,42.29369832554412,439,7.99336034393024,0.99917004299128,1.999715698402455,2.3075434282069316,0.5666387086040472
SUB,diagnostic,1024,16,6572,6586,16.428114074074074,16.469229777777777,0.026092600933228786,16.427578814814815,0.0015883412417232053,16.447882,16.4896891,0.027258288875129478,16.4506116,0.0016569772320884095,16.410669,16.50186,4.187985185185185,2.7755140740740742,4.494734814814815,7.114912592592592,0.627851851851851,11.460818518518519,-4.967254814814815,raw/sweep/SUB_1024MiB_16core_diagnostic.json,v1-latched64,740e60f3966a30d58dd8e532f11666614786d21e218e6a6a07c1623565eaf1ac,1073741824,536870912.0,3221225472,196.08005261441158,195.84439333891135,512.7725034932382,238.888803953663,193.4311618214737,32.6800087690686,440,13.28436130763009,0.8302725817268807,1.7830206970399523,,
SUB,pipeline,1024,16,6587,6601,7.968605925925926,7.981692518518519,0.008990752196404675,7.968506913580247,0.0011282856743315712,7.990586,8.0221523,0.014816473799055164,7.994294533333333,0.0018533810253394838,7.973201,8.027102,7.376414814814815,2.7998992592592593,2.549285185185185,,,12.726455555555557,4.755254814814814,raw/sweep/SUB_1024MiB_16core_pipeline.json,v1-latched64,740e60f3966a30d58dd8e532f11666614786d21e218e6a6a07c1623565eaf1ac,1073741824,536870912.0,3221225472,404.2395246977537,403.1275643613622,291.12837359512196,421.19329380639743,191.74651024481304,67.37325411629229,441,12.733308247234657,0.795831765452166,1.5929856405014566,2.061604529924747,0.5149409183552278
